ISO-10303-21;
HEADER;
FILE_DESCRIPTION (( 'STEP AP214' ),
    '1' );
FILE_NAME ('Ultra_adapter.STEP',
    '2026-07-23T03:21:08',
    ( '' ),
    ( '' ),
    'SwSTEP 2.0',
    'SolidWorks 2025',
    '' );
FILE_SCHEMA (( 'AUTOMOTIVE_DESIGN' ));
ENDSEC;

DATA;
#1 = ORIENTED_EDGE ( 'NONE', *, *, #2484, .F. ) ;
#2 = DIRECTION ( 'NONE',  ( 0.000000000000000000, 0.000000000000000000, -1.000000000000000000 ) ) ;
#3 = APPLICATION_CONTEXT ( 'automotive_design' ) ;
#4 = EDGE_LOOP ( 'NONE', ( #1886, #1459 ) ) ;
#5 = CARTESIAN_POINT ( 'NONE',  ( 8.000000000000000000, 1.142300877492397060, -2.022275739927490931E-32 ) ) ;
#6 = VECTOR ( 'NONE', #115, 1000.000000000000000 ) ;
#7 = CARTESIAN_POINT ( 'NONE',  ( 0.000000000000000000, 68.00000000000000000, -1.203840012947767827E-30 ) ) ;
#8 = AXIS2_PLACEMENT_3D ( 'NONE', #1642, #2204, #1228 ) ;
#9 = VERTEX_POINT ( 'NONE', #1680 ) ;
#10 = DIRECTION ( 'NONE',  ( 0.3420201433256648271, 0.9396926207859097602, 0.000000000000000000 ) ) ;
#11 = AXIS2_PLACEMENT_3D ( 'NONE', #458, #2284, #2041 ) ;
#12 = EDGE_LOOP ( 'NONE', ( #1259, #224, #1690, #1545 ) ) ;
#13 = VECTOR ( 'NONE', #776, 999.9999999999998863 ) ;
#14 = CYLINDRICAL_SURFACE ( 'NONE', #1301, 3.175000000000011369 ) ;
#15 = CARTESIAN_POINT ( 'NONE',  ( 17.15569669100273131, -8.788282006559313686, 44.00000000000000000 ) ) ;
#16 = CARTESIAN_POINT ( 'NONE',  ( 16.21600407021682955, -8.446261863233644362, 44.00000000000000000 ) ) ;
#17 = VERTEX_POINT ( 'NONE', #1925 ) ;
#18 = CARTESIAN_POINT ( 'NONE',  ( 9.638155724715453232, -6.052120859953988408, 44.00000000000000000 ) ) ;
#19 = VERTEX_POINT ( 'NONE', #2330 ) ;
#20 = CARTESIAN_POINT ( 'NONE',  ( 0.000000000000000000, 92.00000000000001421, 32.00000000000000000 ) ) ;
#21 = EDGE_LOOP ( 'NONE', ( #1589, #2285, #2046, #891 ) ) ;
#22 = CYLINDRICAL_SURFACE ( 'NONE', #2187, 3.174999999999998046 ) ;
#23 = EDGE_CURVE ( 'NONE', #871, #327, #666, .T. ) ;
#24 = ORIENTED_EDGE ( 'NONE', *, *, #2065, .F. ) ;
#25 = EDGE_CURVE ( 'NONE', #1188, #1072, #1498, .T. ) ;
#26 = LINE ( 'NONE', #648, #1981 ) ;
#27 = DIRECTION ( 'NONE',  ( -0.3420201433256657153, -0.9396926207859096492, 0.000000000000000000 ) ) ;
#28 = CARTESIAN_POINT ( 'NONE',  ( 7.000000000000000000, 36.00000000000000711, 0.8249999999999949596 ) ) ;
#29 = EDGE_LOOP ( 'NONE', ( #2341, #2333, #2508, #2578 ) ) ;
#30 = DIRECTION ( 'NONE',  ( 0.9396926207859095381, -0.3420201433256657153, -0.000000000000000000 ) ) ;
#31 = CYLINDRICAL_SURFACE ( 'NONE', #809, 2.549999999999993161 ) ;
#32 = ORIENTED_EDGE ( 'NONE', *, *, #1652, .F. ) ;
#33 =( NAMED_UNIT ( * ) PLANE_ANGLE_UNIT ( ) SI_UNIT ( $, .RADIAN. ) );
#34 = CIRCLE ( 'NONE', #1850, 2.550000000000002043 ) ;
#35 = CARTESIAN_POINT ( 'NONE',  ( 7.247465814874476386, -0.9252698035076866168, -4.000000000000000000 ) ) ;
#36 = AXIS2_PLACEMENT_3D ( 'NONE', #527, #2176, #2597 ) ;
#37 = FACE_BOUND ( 'NONE', #379, .T. ) ;
#38 = CIRCLE ( 'NONE', #2313, 3.174999999999997602 ) ;
#39 = DIRECTION ( 'NONE',  ( 0.9396926207859097602, -0.3420201433256648271, -0.000000000000000000 ) ) ;
#40 = ORIENTED_EDGE ( 'NONE', *, *, #2320, .F. ) ;
#41 = CARTESIAN_POINT ( 'NONE',  ( 8.000000000000000000, -1.199169847161146496, -4.000000000000000000 ) ) ;
#42 = CARTESIAN_POINT ( 'NONE',  ( 10.57784834550136210, -6.394141003279662172, -4.000000000000000000 ) ) ;
#43 = ORIENTED_EDGE ( 'NONE', *, *, #1234, .F. ) ;
#44 = CARTESIAN_POINT ( 'NONE',  ( 8.270075151412791925, -9.810891343097621231, 12.00000000000000000 ) ) ;
#45 = ADVANCED_FACE ( 'NONE', ( #482 ), #695, .F. ) ;
#46 = CIRCLE ( 'NONE', #587, 2.550000000000002931 ) ;
#47 = AXIS2_PLACEMENT_3D ( 'NONE', #404, #1216, #283 ) ;
#48 = EDGE_CURVE ( 'NONE', #53, #90, #1705, .T. ) ;
#49 = PLANE ( 'NONE',  #882 ) ;
#50 = CARTESIAN_POINT ( 'NONE',  ( 1.000000000000000000, 36.00000000000000711, 4.000000000000000000 ) ) ;
#51 = EDGE_CURVE ( 'NONE', #2450, #1444, #362, .T. ) ;
#52 = FACE_OUTER_BOUND ( 'NONE', #97, .T. ) ;
#53 = VERTEX_POINT ( 'NONE', #180 ) ;
#54 = DIRECTION ( 'NONE',  ( 0.000000000000000000, 0.000000000000000000, -1.000000000000000000 ) ) ;
#55 = CARTESIAN_POINT ( 'NONE',  ( 0.000000000000000000, 75.99999999999998579, 24.82499999999998863 ) ) ;
#56 = ORIENTED_EDGE ( 'NONE', *, *, #846, .F. ) ;
#57 = CARTESIAN_POINT ( 'NONE',  ( 7.247465814874478163, -0.9252698035076808436, 8.000000000000000000 ) ) ;
#58 = CARTESIAN_POINT ( 'NONE',  ( 8.000000000000000000, -1.199169847161146496, 0.000000000000000000 ) ) ;
#59 = EDGE_CURVE ( 'NONE', #308, #354, #1357, .T. ) ;
#60 = ORIENTED_EDGE ( 'NONE', *, *, #2000, .T. ) ;
#61 = DIRECTION ( 'NONE',  ( 0.9396926207859098712, -0.3420201433256648826, -0.000000000000000000 ) ) ;
#62 = ORIENTED_EDGE ( 'NONE', *, *, #1189, .T. ) ;
#63 = ADVANCED_FACE ( 'NONE', ( #322 ), #1572, .F. ) ;
#64 = VERTEX_POINT ( 'NONE', #2598 ) ;
#65 = CARTESIAN_POINT ( 'NONE',  ( 11.66376230056035190, -3.410616932284392444, 44.00000000000000000 ) ) ;
#66 = LINE ( 'NONE', #2048, #2239 ) ;
#67 = ORIENTED_EDGE ( 'NONE', *, *, #1179, .F. ) ;
#68 = DIRECTION ( 'NONE',  ( -0.3420201433256652157, -0.9396926207859096492, 0.000000000000000000 ) ) ;
#69 = DIRECTION ( 'NONE',  ( 0.000000000000000000, 1.000000000000000000, -1.770352960217305483E-32 ) ) ;
#70 = DIRECTION ( 'NONE',  ( -0.9396926207859095381, 0.3420201433256658263, 0.000000000000000000 ) ) ;
#71 = ORIENTED_EDGE ( 'NONE', *, *, #1536, .T. ) ;
#72 = EDGE_CURVE ( 'NONE', #2367, #1940, #351, .T. ) ;
#73 = FACE_OUTER_BOUND ( 'NONE', #2389, .T. ) ;
#74 = ORIENTED_EDGE ( 'NONE', *, *, #1275, .F. ) ;
#75 = AXIS2_PLACEMENT_3D ( 'NONE', #910, #1518, #508 ) ;
#76 = ORIENTED_EDGE ( 'NONE', *, *, #1440, .F. ) ;
#77 = LINE ( 'NONE', #888, #917 ) ;
#78 = CARTESIAN_POINT ( 'NONE',  ( 1.000000000000000000, 36.00000000000000711, 1.450000000000001288 ) ) ;
#79 = ORIENTED_EDGE ( 'NONE', *, *, #1079, .T. ) ;
#80 = CARTESIAN_POINT ( 'NONE',  ( 10.57784834550136388, -6.394141003279658619, -4.000000000000000000 ) ) ;
#81 = PRODUCT_DEFINITION_CONTEXT ( 'detailed design', #3, 'design' ) ;
#82 = AXIS2_PLACEMENT_3D ( 'NONE', #1018, #1408, #371 ) ;
#83 = CARTESIAN_POINT ( 'NONE',  ( 8.000000000000000000, 52.00000000000000711, 4.000000000000000000 ) ) ;
#84 = VECTOR ( 'NONE', #412, 1000.000000000000000 ) ;
#85 = AXIS2_PLACEMENT_3D ( 'NONE', #1707, #1927, #1941 ) ;
#86 = ORIENTED_EDGE ( 'NONE', *, *, #1214, .F. ) ;
#87 = DIRECTION ( 'NONE',  ( 0.000000000000000000, 0.000000000000000000, 1.000000000000000000 ) ) ;
#88 = AXIS2_PLACEMENT_3D ( 'NONE', #15, #2251, #391 ) ;
#89 = ORIENTED_EDGE ( 'NONE', *, *, #824, .F. ) ;
#90 = VERTEX_POINT ( 'NONE', #1147 ) ;
#91 = CARTESIAN_POINT ( 'NONE',  ( 7.000000000000000000, 36.00000000000000711, 1.450000000000001288 ) ) ;
#92 = ORIENTED_EDGE ( 'NONE', *, *, #755, .F. ) ;
#93 = DIRECTION ( 'NONE',  ( 0.000000000000000000, 0.000000000000000000, -1.000000000000000000 ) ) ;
#94 = DIRECTION ( 'NONE',  ( -1.000000000000000000, 0.000000000000000000, 0.000000000000000000 ) ) ;
#95 = EDGE_CURVE ( 'NONE', #2095, #1771, #939, .T. ) ;
#96 = CARTESIAN_POINT ( 'NONE',  ( 15.78761611770006645, -12.54705248970294384, 28.00000000000000000 ) ) ;
#97 = EDGE_LOOP ( 'NONE', ( #1014, #141, #2169, #147 ) ) ;
#98 = DIRECTION ( 'NONE',  ( 0.000000000000000000, 0.000000000000000000, 1.000000000000000000 ) ) ;
#99 = ORIENTED_EDGE ( 'NONE', *, *, #2484, .T. ) ;
#100 = ORIENTED_EDGE ( 'NONE', *, *, #2596, .F. ) ;
#101 = DIRECTION ( 'NONE',  ( -1.000000000000000000, -0.000000000000000000, -0.000000000000000000 ) ) ;
#102 = EDGE_LOOP ( 'NONE', ( #2501, #2291, #1193, #770 ) ) ;
#103 = FACE_OUTER_BOUND ( 'NONE', #1606, .T. ) ;
#104 = ADVANCED_FACE ( 'NONE', ( #584 ), #570, .F. ) ;
#105 = DIRECTION ( 'NONE',  ( 1.000000000000000000, -0.000000000000000000, -0.000000000000000000 ) ) ;
#106 = CARTESIAN_POINT ( 'NONE',  ( 18.52377726430538019, -5.029511523415671981, 12.00000000000000000 ) ) ;
#107 = DIRECTION ( 'NONE',  ( 1.000000000000000000, -0.000000000000000000, -0.000000000000000000 ) ) ;
#108 = CIRCLE ( 'NONE', #1596, 3.175000000000005151 ) ;
#109 = ORIENTED_EDGE ( 'NONE', *, *, #525, .F. ) ;
#110 = VERTEX_POINT ( 'NONE', #1556 ) ;
#111 = CIRCLE ( 'NONE', #1298, 3.175000000000005151 ) ;
#112 = CARTESIAN_POINT ( 'NONE',  ( 8.000000000000000000, 52.00000000000000711, 4.000000000000000000 ) ) ;
#113 = ORIENTED_EDGE ( 'NONE', *, *, #455, .T. ) ;
#114 = DIRECTION ( 'NONE',  ( 0.000000000000000000, 0.000000000000000000, 1.000000000000000000 ) ) ;
#115 = DIRECTION ( 'NONE',  ( -1.000000000000000000, -0.000000000000000000, -0.000000000000000000 ) ) ;
#116 = CARTESIAN_POINT ( 'NONE',  ( 7.000000000000000000, 36.00000000000000711, 4.000000000000000000 ) ) ;
#117 = EDGE_CURVE ( 'NONE', #323, #594, #547, .T. ) ;
#118 = VERTEX_POINT ( 'NONE', #984 ) ;
#119 = CARTESIAN_POINT ( 'NONE',  ( 8.000000000000000000, 4.000000000000000000, 1.449999999999999512 ) ) ;
#120 = VECTOR ( 'NONE', #409, 1000.000000000000000 ) ;
#121 = DIRECTION ( 'NONE',  ( -1.000000000000000000, 0.000000000000000000, 0.000000000000000000 ) ) ;
#122 = AXIS2_PLACEMENT_3D ( 'NONE', #1274, #2471, #68 ) ;
#123 = CARTESIAN_POINT ( 'NONE',  ( 1.000000000000000000, 92.00000000000000000, 24.82499999999998863 ) ) ;
#124 = ADVANCED_FACE ( 'NONE', ( #378 ), #1601, .F. ) ;
#125 = VECTOR ( 'NONE', #1434, 1000.000000000000000 ) ;
#126 = ORIENTED_EDGE ( 'NONE', *, *, #127, .T. ) ;
#127 = EDGE_CURVE ( 'NONE', #594, #730, #336, .T. ) ;
#128 = VECTOR ( 'NONE', #1584, 1000.000000000000000 ) ;
#129 = FACE_OUTER_BOUND ( 'NONE', #1344, .T. ) ;
#130 = ORIENTED_EDGE ( 'NONE', *, *, #257, .F. ) ;
#131 = PLANE ( 'NONE',  #576 ) ;
#132 = DIRECTION ( 'NONE',  ( 1.000000000000000000, -0.000000000000000000, -0.000000000000000000 ) ) ;
#133 =( LENGTH_UNIT ( ) NAMED_UNIT ( * ) SI_UNIT ( .MILLI., .METRE. ) );
#134 = LINE ( 'NONE', #742, #935 ) ;
#135 = CARTESIAN_POINT ( 'NONE',  ( 18.52377726430538019, -5.029511523415665764, 8.000000000000000000 ) ) ;
#136 = DIRECTION ( 'NONE',  ( 0.000000000000000000, 0.000000000000000000, 1.000000000000000000 ) ) ;
#137 = EDGE_CURVE ( 'NONE', #1610, #1282, #1739, .T. ) ;
#138 = VERTEX_POINT ( 'NONE', #2399 ) ;
#139 = LINE ( 'NONE', #2206, #837 ) ;
#140 = EDGE_CURVE ( 'NONE', #2270, #2583, #1133, .T. ) ;
#141 = ORIENTED_EDGE ( 'NONE', *, *, #140, .T. ) ;
#142 = DIRECTION ( 'NONE',  ( 1.000000000000000000, -0.000000000000000000, -0.000000000000000000 ) ) ;
#143 = CYLINDRICAL_SURFACE ( 'NONE', #2574, 3.175000000000005151 ) ;
#144 = DIRECTION ( 'NONE',  ( 0.000000000000000000, 5.782411586589356653E-16, -1.000000000000000000 ) ) ;
#145 = DIRECTION ( 'NONE',  ( 0.3420201433256654378, 0.9396926207859096492, -0.000000000000000000 ) ) ;
#146 = EDGE_LOOP ( 'NONE', ( #383, #597 ) ) ;
#147 = ORIENTED_EDGE ( 'NONE', *, *, #2579, .F. ) ;
#148 = DIRECTION ( 'NONE',  ( -0.3420201433256652157, -0.9396926207859096492, 0.000000000000000000 ) ) ;
#149 = DIRECTION ( 'NONE',  ( -1.000000000000000000, 0.000000000000000000, -0.000000000000000000 ) ) ;
#150 = DIRECTION ( 'NONE',  ( -1.000000000000000000, 0.000000000000000000, 0.000000000000000000 ) ) ;
#151 = EDGE_CURVE ( 'NONE', #1188, #138, #1966, .T. ) ;
#152 = ORIENTED_EDGE ( 'NONE', *, *, #1723, .T. ) ;
#153 = CIRCLE ( 'NONE', #879, 3.175000000000001599 ) ;
#154 = PLANE ( 'NONE',  #2186 ) ;
#155 = ORIENTED_EDGE ( 'NONE', *, *, #2000, .F. ) ;
#156 = VECTOR ( 'NONE', #1544, 1000.000000000000000 ) ;
#157 = CIRCLE ( 'NONE', #2100, 3.175000000000005151 ) ;
#158 = CARTESIAN_POINT ( 'NONE',  ( 7.000000000000000000, 4.000000000000000000, 4.000000000000000000 ) ) ;
#159 = EDGE_LOOP ( 'NONE', ( #1485, #2293, #162, #2510, #934, #2582 ) ) ;
#160 = LINE ( 'NONE', #771, #503 ) ;
#161 = DIRECTION ( 'NONE',  ( 0.9396926207859098712, -0.3420201433256648826, -0.000000000000000000 ) ) ;
#162 = ORIENTED_EDGE ( 'NONE', *, *, #507, .F. ) ;
#163 = VECTOR ( 'NONE', #1438, 1000.000000000000000 ) ;
#164 = CARTESIAN_POINT ( 'NONE',  ( 8.000000000000000000, 3.469446951953615767E-15, 24.00000000000001421 ) ) ;
#165 = CARTESIAN_POINT ( 'NONE',  ( 17.30191802527581046, -5.462737792238383072, 44.00000000000000000 ) ) ;
#166 = CARTESIAN_POINT ( 'NONE',  ( 0.000000000000000000, 75.99999999999998579, 31.17500000000001137 ) ) ;
#167 = ORIENTED_EDGE ( 'NONE', *, *, #1587, .F. ) ;
#168 = DIRECTION ( 'NONE',  ( 1.000000000000000000, -0.000000000000000000, 0.000000000000000000 ) ) ;
#169 = ORIENTED_EDGE ( 'NONE', *, *, #23, .T. ) ;
#170 = CARTESIAN_POINT ( 'NONE',  ( 16.21600407021682599, -8.446261863233651468, -4.000000000000000000 ) ) ;
#171 = AXIS2_PLACEMENT_3D ( 'NONE', #656, #855, #2067 ) ;
#172 = VERTEX_POINT ( 'NONE', #1178 ) ;
#173 = LINE ( 'NONE', #1818, #2274 ) ;
#174 = LINE ( 'NONE', #2002, #381 ) ;
#175 = ORIENTED_EDGE ( 'NONE', *, *, #178, .F. ) ;
#176 = EDGE_CURVE ( 'NONE', #2009, #2608, #1104, .T. ) ;
#177 = EDGE_CURVE ( 'NONE', #1266, #702, #1486, .T. ) ;
#178 = EDGE_CURVE ( 'NONE', #2470, #1943, #465, .T. ) ;
#179 = CYLINDRICAL_SURFACE ( 'NONE', #1261, 4.000000000000000000 ) ;
#180 = CARTESIAN_POINT ( 'NONE',  ( 8.552241769656468762, -9.035644930949253251, -4.000000000000000000 ) ) ;
#181 = EDGE_LOOP ( 'NONE', ( #1715, #2196, #247, #567 ) ) ;
#182 = CYLINDRICAL_SURFACE ( 'NONE', #1978, 3.175000000000011369 ) ;
#183 = ORIENTED_EDGE ( 'NONE', *, *, #1214, .T. ) ;
#184 = DIRECTION ( 'NONE',  ( 0.000000000000000000, -1.000000000000000000, 1.770352960217305483E-32 ) ) ;
#185 = ORIENTED_EDGE ( 'NONE', *, *, #1115, .T. ) ;
#186 = CARTESIAN_POINT ( 'NONE',  ( 15.34385270473638130, -10.84247804623771749, 44.00000000000000000 ) ) ;
#187 = DIRECTION ( 'NONE',  ( 1.000000000000000000, -0.000000000000000000, 0.000000000000000000 ) ) ;
#188 = ORIENTED_EDGE ( 'NONE', *, *, #1202, .F. ) ;
#189 = EDGE_CURVE ( 'NONE', #1385, #1519, #677, .T. ) ;
#190 = PLANE ( 'NONE',  #841 ) ;
#191 = DIRECTION ( 'NONE',  ( 0.000000000000000000, 0.000000000000000000, 1.000000000000000000 ) ) ;
#192 = ORIENTED_EDGE ( 'NONE', *, *, #2004, .T. ) ;
#193 = CARTESIAN_POINT ( 'NONE',  ( 0.000000000000000000, 4.000000000000000000, 0.8249999999999949596 ) ) ;
#194 = ORIENTED_EDGE ( 'NONE', *, *, #257, .T. ) ;
#195 = CARTESIAN_POINT ( 'NONE',  ( 1.000000000000000000, 4.000000000000000000, 7.175000000000005151 ) ) ;
#196 = VERTEX_POINT ( 'NONE', #166 ) ;
#197 = DIRECTION ( 'NONE',  ( 0.9396926207859096492, -0.3420201433256655488, -0.000000000000000000 ) ) ;
#198 = VECTOR ( 'NONE', #1488, 1000.000000000000000 ) ;
#199 = AXIS2_PLACEMENT_3D ( 'NONE', #355, #1361, #1799 ) ;
#200 = CARTESIAN_POINT ( 'NONE',  ( 8.000000000000000000, 68.00000000000000000, -1.203840012947767827E-30 ) ) ;
#201 = VERTEX_POINT ( 'NONE', #1784 ) ;
#202 = ORIENTED_EDGE ( 'NONE', *, *, #1210, .F. ) ;
#203 = AXIS2_PLACEMENT_3D ( 'NONE', #246, #1071, #405 ) ;
#204 = VECTOR ( 'NONE', #2110, 1000.000000000000000 ) ;
#205 = DIRECTION ( 'NONE',  ( 1.000000000000000000, 0.000000000000000000, 0.000000000000000000 ) ) ;
#206 = EDGE_CURVE ( 'NONE', #2311, #1736, #812, .T. ) ;
#207 = CYLINDRICAL_SURFACE ( 'NONE', #2157, 2.550000000000000266 ) ;
#208 = CARTESIAN_POINT ( 'NONE',  ( 16.21600407021682955, -8.446261863233644362, 44.00000000000000000 ) ) ;
#209 = ADVANCED_FACE ( 'NONE', ( #1009 ), #207, .F. ) ;
#210 = EDGE_LOOP ( 'NONE', ( #1559, #578, #352, #663 ) ) ;
#211 = EDGE_CURVE ( 'NONE', #1708, #90, #518, .T. ) ;
#212 = FACE_OUTER_BOUND ( 'NONE', #1136, .T. ) ;
#213 = ORIENTED_EDGE ( 'NONE', *, *, #2245, .F. ) ;
#214 = LINE ( 'NONE', #1989, #2489 ) ;
#215 = AXIS2_PLACEMENT_3D ( 'NONE', #1020, #145, #2366 ) ;
#216 = ORIENTED_EDGE ( 'NONE', *, *, #758, .T. ) ;
#217 = CIRCLE ( 'NONE', #762, 4.000000000000000000 ) ;
#218 = FACE_OUTER_BOUND ( 'NONE', #274, .T. ) ;
#219 = AXIS2_PLACEMENT_3D ( 'NONE', #237, #874, #472 ) ;
#220 = VECTOR ( 'NONE', #1412, 1000.000000000000000 ) ;
#221 = DIRECTION ( 'NONE',  ( -0.3420201433256654378, -0.9396926207859096492, 0.000000000000000000 ) ) ;
#222 = FACE_BOUND ( 'NONE', #1272, .T. ) ;
#223 = CYLINDRICAL_SURFACE ( 'NONE', #2024, 2.550000000000002931 ) ;
#224 = ORIENTED_EDGE ( 'NONE', *, *, #1891, .T. ) ;
#225 = LINE ( 'NONE', #1843, #1975 ) ;
#226 = CARTESIAN_POINT ( 'NONE',  ( 16.06978273594375395, -11.77180607755456876, 44.00000000000000000 ) ) ;
#227 = EDGE_CURVE ( 'NONE', #798, #1798, #299, .T. ) ;
#228 = EDGE_LOOP ( 'NONE', ( #1928, #216, #1464, #1969 ) ) ;
#229 =( LENGTH_UNIT ( ) NAMED_UNIT ( * ) SI_UNIT ( .MILLI., .METRE. ) );
#230 = EDGE_LOOP ( 'NONE', ( #1183, #564, #1698, #202 ) ) ;
#231 = CARTESIAN_POINT ( 'NONE',  ( 8.000000000000000000, 72.00000000000001421, 4.000000000000000000 ) ) ;
#232 = DIRECTION ( 'NONE',  ( 0.000000000000000000, 0.000000000000000000, 1.000000000000000000 ) ) ;
#233 = DIRECTION ( 'NONE',  ( 0.9396926207859098712, -0.3420201433256648826, 0.000000000000000000 ) ) ;
#234 = EDGE_CURVE ( 'NONE', #768, #1318, #1826, .T. ) ;
#235 = ORIENTED_EDGE ( 'NONE', *, *, #890, .F. ) ;
#236 = CARTESIAN_POINT ( 'NONE',  ( 8.000000000000000000, 0.000000000000000000, 32.00000000000000000 ) ) ;
#237 = CARTESIAN_POINT ( 'NONE',  ( 7.000000000000000000, 36.00000000000000711, 4.000000000000000000 ) ) ;
#238 = ORIENTED_EDGE ( 'NONE', *, *, #189, .T. ) ;
#239 =( NAMED_UNIT ( * ) SI_UNIT ( $, .STERADIAN. ) SOLID_ANGLE_UNIT ( ) );
#240 = EDGE_CURVE ( 'NONE', #2076, #201, #245, .T. ) ;
#241 = CIRCLE ( 'NONE', #1511, 3.175000000000011369 ) ;
#242 = CIRCLE ( 'NONE', #2263, 3.175000000000005151 ) ;
#243 = DIRECTION ( 'NONE',  ( 1.000000000000000000, 0.000000000000000000, 0.000000000000000000 ) ) ;
#244 = AXIS2_PLACEMENT_3D ( 'NONE', #733, #1767, #1982 ) ;
#245 = LINE ( 'NONE', #2615, #220 ) ;
#246 = CARTESIAN_POINT ( 'NONE',  ( 9.638155724715456785, -6.052120859953998178, -4.000000000000000000 ) ) ;
#247 = ORIENTED_EDGE ( 'NONE', *, *, #333, .F. ) ;
#248 = CARTESIAN_POINT ( 'NONE',  ( 16.21600407021682599, -8.446261863233651468, -4.000000000000000000 ) ) ;
#249 = PLANE ( 'NONE',  #337 ) ;
#250 = ORIENTED_EDGE ( 'NONE', *, *, #2136, .T. ) ;
#251 = FACE_OUTER_BOUND ( 'NONE', #102, .T. ) ;
#252 = AXIS2_PLACEMENT_3D ( 'NONE', #1409, #161, #2198 ) ;
#253 = EDGE_CURVE ( 'NONE', #327, #2367, #2365, .T. ) ;
#254 = CIRCLE ( 'NONE', #2413, 3.175000000000011369 ) ;
#255 = CIRCLE ( 'NONE', #854, 3.175000000000005151 ) ;
#256 = CARTESIAN_POINT ( 'NONE',  ( 4.000000000000000000, -4.000000000000000000, 0.000000000000000000 ) ) ;
#257 = EDGE_CURVE ( 'NONE', #2207, #2558, #766, .T. ) ;
#258 = DIRECTION ( 'NONE',  ( 0.9396926207859098712, -0.3420201433256648826, 0.000000000000000000 ) ) ;
#259 = ORIENTED_EDGE ( 'NONE', *, *, #1585, .T. ) ;
#260 = CARTESIAN_POINT ( 'NONE',  ( 7.000000000000000000, 4.000000000000000000, 0.8249999999999949596 ) ) ;
#261 = EDGE_LOOP ( 'NONE', ( #2566, #1988, #1842, #2379, #2405, #62, #1785, #250, #1142, #582, #827, #338, #470 ) ) ;
#262 = LINE ( 'NONE', #41, #1806 ) ;
#263 = CARTESIAN_POINT ( 'NONE',  ( 1.000000000000000000, 75.99999999999998579, 30.54999999999999361 ) ) ;
#264 = ORIENTED_EDGE ( 'NONE', *, *, #523, .F. ) ;
#265 = CARTESIAN_POINT ( 'NONE',  ( 15.13009011515784330, -11.42978593422890476, 44.00000000000000000 ) ) ;
#266 = EDGE_CURVE ( 'NONE', #710, #730, #1570, .T. ) ;
#267 = ADVANCED_FACE ( 'NONE', ( #417, #847 ), #1848, .T. ) ;
#268 = CARTESIAN_POINT ( 'NONE',  ( 8.000000000000000000, -0.4279726347866796843, 8.027086954247341311 ) ) ;
#269 = LINE ( 'NONE', #883, #1823 ) ;
#270 = VERTEX_POINT ( 'NONE', #2036 ) ;
#271 = DIRECTION ( 'NONE',  ( -0.3420201433256652712, -0.9396926207859096492, 0.000000000000000000 ) ) ;
#272 = VECTOR ( 'NONE', #2281, 1000.000000000000000 ) ;
#273 = EDGE_LOOP ( 'NONE', ( #952, #1157, #1505, #1817 ) ) ;
#274 = EDGE_LOOP ( 'NONE', ( #786, #861, #962, #238 ) ) ;
#275 = DIRECTION ( 'NONE',  ( -0.9396926207859096492, 0.3420201433256654378, 0.000000000000000000 ) ) ;
#276 = FACE_OUTER_BOUND ( 'NONE', #901, .T. ) ;
#277 = VERTEX_POINT ( 'NONE', #1861 ) ;
#278 = DIRECTION ( 'NONE',  ( -0.9396926207859096492, 0.3420201433256654378, 1.605635029517901071E-16 ) ) ;
#279 = AXIS2_PLACEMENT_3D ( 'NONE', #116, #1747, #2083 ) ;
#280 = VECTOR ( 'NONE', #2027, 1000.000000000000000 ) ;
#281 = CARTESIAN_POINT ( 'NONE',  ( 17.15569669100272421, -8.788282006559313686, 48.00000000000000000 ) ) ;
#282 = AXIS2_PLACEMENT_3D ( 'NONE', #1700, #1100, #2549 ) ;
#283 = DIRECTION ( 'NONE',  ( 0.000000000000000000, 0.000000000000000000, -1.000000000000000000 ) ) ;
#284 = CIRCLE ( 'NONE', #747, 2.550000000000003375 ) ;
#285 = CARTESIAN_POINT ( 'NONE',  ( 9.638155724715456785, -6.052120859953984855, 44.00000000000000000 ) ) ;
#286 = EDGE_CURVE ( 'NONE', #787, #308, #894, .T. ) ;
#287 = DIRECTION ( 'NONE',  ( -1.000000000000000000, -0.000000000000000000, -0.000000000000000000 ) ) ;
#288 = VECTOR ( 'NONE', #1230, 1000.000000000000114 ) ;
#289 = DIRECTION ( 'NONE',  ( -0.9396926207859097602, 0.3420201433256653822, -0.000000000000000000 ) ) ;
#290 = ADVANCED_FACE ( 'NONE', ( #37, #1204, #2444, #222, #639, #1628 ), #804, .T. ) ;
#291 = VERTEX_POINT ( 'NONE', #2463 ) ;
#292 = PLANE ( 'NONE',  #282 ) ;
#293 = DIRECTION ( 'NONE',  ( 0.3420201433256655488, 0.9396926207859095381, -0.000000000000000000 ) ) ;
#294 = VECTOR ( 'NONE', #2210, 1000.000000000000000 ) ;
#295 = DIRECTION ( 'NONE',  ( 1.000000000000000000, 0.000000000000000000, 0.000000000000000000 ) ) ;
#296 = CIRCLE ( 'NONE', #1103, 4.000000000000000888 ) ;
#297 = ORIENTED_EDGE ( 'NONE', *, *, #1043, .F. ) ;
#298 = FACE_OUTER_BOUND ( 'NONE', #2108, .T. ) ;
#299 = CIRCLE ( 'NONE', #339, 2.549999999999998490 ) ;
#300 = ORIENTED_EDGE ( 'NONE', *, *, #2320, .T. ) ;
#301 = EDGE_LOOP ( 'NONE', ( #194, #944, #1279, #2192, #2321 ) ) ;
#302 = DIRECTION ( 'NONE',  ( -1.000000000000000000, 0.000000000000000000, 0.000000000000000000 ) ) ;
#303 = ORIENTED_EDGE ( 'NONE', *, *, #1140, .F. ) ;
#304 = DIRECTION ( 'NONE',  ( 0.000000000000000000, 0.000000000000000000, -1.000000000000000000 ) ) ;
#305 = CARTESIAN_POINT ( 'NONE',  ( 8.000000000000000000, -1.199169847161146496, -0.08098595737344929657 ) ) ;
#306 = VERTEX_POINT ( 'NONE', #2008 ) ;
#307 = CARTESIAN_POINT ( 'NONE',  ( 16.21600407021682955, -8.446261863233644362, 44.00000000000000000 ) ) ;
#308 = VERTEX_POINT ( 'NONE', #630 ) ;
#309 = CARTESIAN_POINT ( 'NONE',  ( 7.000000000000000000, 36.00000000000000711, 0.8249999999999949596 ) ) ;
#310 = ORIENTED_EDGE ( 'NONE', *, *, #318, .F. ) ;
#311 = EDGE_LOOP ( 'NONE', ( #2026, #714, #779, #2088 ) ) ;
#312 = CARTESIAN_POINT ( 'NONE',  ( 10.57784834550136388, -6.394141003279658619, -4.000000000000000000 ) ) ;
#313 = ADVANCED_FACE ( 'NONE', ( #2242 ), #1241, .F. ) ;
#314 = VERTEX_POINT ( 'NONE', #1654 ) ;
#315 = DIRECTION ( 'NONE',  ( -1.000000000000000000, 0.000000000000000000, 0.000000000000000000 ) ) ;
#316 = DIRECTION ( 'NONE',  ( 0.9396926207859097602, -0.3420201433256648271, -0.000000000000000000 ) ) ;
#317 = ADVANCED_FACE ( 'NONE', ( #1452 ), #439, .T. ) ;
#318 = EDGE_CURVE ( 'NONE', #1243, #1755, #2202, .T. ) ;
#319 = DIRECTION ( 'NONE',  ( 0.3420201433256653822, 0.9396926207859095381, -0.000000000000000000 ) ) ;
#320 = LINE ( 'NONE', #1280, #1339 ) ;
#321 = CIRCLE ( 'NONE', #2226, 4.000000000000000000 ) ;
#322 = FACE_OUTER_BOUND ( 'NONE', #1741, .T. ) ;
#323 = VERTEX_POINT ( 'NONE', #1499 ) ;
#324 = VECTOR ( 'NONE', #39, 1000.000000000000114 ) ;
#325 = CARTESIAN_POINT ( 'NONE',  ( 11.66376230056035190, -3.410616932284398661, -4.000000000000000000 ) ) ;
#326 = AXIS2_PLACEMENT_3D ( 'NONE', #2302, #121, #940 ) ;
#327 = VERTEX_POINT ( 'NONE', #1105 ) ;
#328 = CARTESIAN_POINT ( 'NONE',  ( 8.000000000000000000, 68.00000000000000000, -1.203840012947767827E-30 ) ) ;
#329 = DIRECTION ( 'NONE',  ( 0.000000000000000000, 0.000000000000000000, 1.000000000000000000 ) ) ;
#330 = ORIENTED_EDGE ( 'NONE', *, *, #903, .T. ) ;
#331 = ADVANCED_FACE ( 'NONE', ( #504 ), #2084, .F. ) ;
#332 = DIRECTION ( 'NONE',  ( 0.000000000000000000, 1.000000000000000000, -1.770352960217305483E-32 ) ) ;
#333 = EDGE_CURVE ( 'NONE', #2011, #2076, #296, .T. ) ;
#334 = VECTOR ( 'NONE', #814, 1000.000000000000000 ) ;
#335 = FACE_OUTER_BOUND ( 'NONE', #1624, .T. ) ;
#336 = LINE ( 'NONE', #1954, #2414 ) ;
#337 = AXIS2_PLACEMENT_3D ( 'NONE', #1061, #1284, #620 ) ;
#338 = ORIENTED_EDGE ( 'NONE', *, *, #1533, .F. ) ;
#339 = AXIS2_PLACEMENT_3D ( 'NONE', #50, #2057, #191 ) ;
#340 = CARTESIAN_POINT ( 'NONE',  ( 17.15569669100273487, -8.788282006559317239, -4.000000000000000000 ) ) ;
#341 = VERTEX_POINT ( 'NONE', #2107 ) ;
#342 = DIRECTION ( 'NONE',  ( -1.000000000000000000, 0.000000000000000000, 0.000000000000000000 ) ) ;
#343 = DIRECTION ( 'NONE',  ( 0.9396926207859095381, -0.3420201433256653822, -0.000000000000000000 ) ) ;
#344 = LINE ( 'NONE', #2288, #2473 ) ;
#345 = FACE_OUTER_BOUND ( 'NONE', #1099, .T. ) ;
#346 = ORIENTED_EDGE ( 'NONE', *, *, #1319, .F. ) ;
#347 = ORIENTED_EDGE ( 'NONE', *, *, #382, .F. ) ;
#348 = EDGE_CURVE ( 'NONE', #110, #2039, #2075, .T. ) ;
#349 = FACE_BOUND ( 'NONE', #1984, .T. ) ;
#350 = CYLINDRICAL_SURFACE ( 'NONE', #36, 4.000000000000000888 ) ;
#351 = LINE ( 'NONE', #2554, #1273 ) ;
#352 = ORIENTED_EDGE ( 'NONE', *, *, #2200, .T. ) ;
#353 = DIRECTION ( 'NONE',  ( 0.000000000000000000, 0.000000000000000000, -1.000000000000000000 ) ) ;
#354 = VERTEX_POINT ( 'NONE', #1462 ) ;
#355 = CARTESIAN_POINT ( 'NONE',  ( 7.632871574706915574, 0.1336238189597043213, -4.000000000000000000 ) ) ;
#356 = ORIENTED_EDGE ( 'NONE', *, *, #1423, .F. ) ;
#357 = LINE ( 'NONE', #2423, #294 ) ;
#358 = CARTESIAN_POINT ( 'NONE',  ( 0.000000000000000000, 92.00000000000001421, 28.00000000000000000 ) ) ;
#359 = ORIENTED_EDGE ( 'NONE', *, *, #2140, .F. ) ;
#360 = DIRECTION ( 'NONE',  ( -1.000000000000000000, 0.000000000000000000, 0.000000000000000000 ) ) ;
#361 = CARTESIAN_POINT ( 'NONE',  ( 8.000000000000000000, 92.00000000000001421, 32.00000000000000000 ) ) ;
#362 = LINE ( 'NONE', #545, #1116 ) ;
#363 = VERTEX_POINT ( 'NONE', #662 ) ;
#364 = AXIS2_PLACEMENT_3D ( 'NONE', #2089, #275, #1085 ) ;
#365 = CARTESIAN_POINT ( 'NONE',  ( 8.000000000000000000, 0.000000000000000000, 8.000000000000000000 ) ) ;
#366 = ADVANCED_FACE ( 'NONE', ( #2504, #868 ), #491, .T. ) ;
#367 = ORIENTED_EDGE ( 'NONE', *, *, #333, .T. ) ;
#368 = CIRCLE ( 'NONE', #1644, 3.999999999999999556 ) ;
#369 = DIRECTION ( 'NONE',  ( 0.000000000000000000, 0.000000000000000000, -1.000000000000000000 ) ) ;
#370 = ORIENTED_EDGE ( 'NONE', *, *, #2547, .F. ) ;
#371 = DIRECTION ( 'NONE',  ( 0.3420201433256648826, 0.9396926207859098712, 0.000000000000000000 ) ) ;
#372 = ADVANCED_FACE ( 'NONE', ( #2475, #1516 ), #1898, .T. ) ;
#373 = CIRCLE ( 'NONE', #1092, 3.174999999999993605 ) ;
#374 = LINE ( 'NONE', #200, #1611 ) ;
#375 = ORIENTED_EDGE ( 'NONE', *, *, #1425, .T. ) ;
#376 = CIRCLE ( 'NONE', #497, 2.550000000000006040 ) ;
#377 = CARTESIAN_POINT ( 'NONE',  ( 8.000000000000000000, 64.00000000000001421, 12.00000000000000178 ) ) ;
#378 = FACE_OUTER_BOUND ( 'NONE', #555, .T. ) ;
#379 = EDGE_LOOP ( 'NONE', ( #1820, #1477 ) ) ;
#380 = FACE_OUTER_BOUND ( 'NONE', #687, .T. ) ;
#381 = VECTOR ( 'NONE', #581, 999.9999999999998863 ) ;
#382 = EDGE_CURVE ( 'NONE', #172, #616, #1864, .T. ) ;
#383 = ORIENTED_EDGE ( 'NONE', *, *, #1007, .T. ) ;
#384 = CYLINDRICAL_SURFACE ( 'NONE', #1428, 3.175000000000001599 ) ;
#385 = AXIS2_PLACEMENT_3D ( 'NONE', #1144, #1936, #1527 ) ;
#386 = EDGE_LOOP ( 'NONE', ( #2030, #1918 ) ) ;
#387 = CARTESIAN_POINT ( 'NONE',  ( 1.000000000000000000, 36.00000000000000711, 0.8249999999999949596 ) ) ;
#388 = CARTESIAN_POINT ( 'NONE',  ( 1.000000000000000000, 4.000000000000000000, 1.449999999999999512 ) ) ;
#389 = EDGE_LOOP ( 'NONE', ( #1461, #1029, #1419, #1430 ) ) ;
#390 = DIRECTION ( 'NONE',  ( 1.000000000000000000, -0.000000000000000000, -0.000000000000000000 ) ) ;
#391 = DIRECTION ( 'NONE',  ( 0.3420201433256648826, 0.9396926207859098712, 0.000000000000000000 ) ) ;
#392 = ORIENTED_EDGE ( 'NONE', *, *, #1423, .T. ) ;
#393 = DIRECTION ( 'NONE',  ( 0.000000000000000000, 0.000000000000000000, -1.000000000000000000 ) ) ;
#394 = ORIENTED_EDGE ( 'NONE', *, *, #1533, .T. ) ;
#395 = CYLINDRICAL_SURFACE ( 'NONE', #703, 3.175000000000005151 ) ;
#396 = ORIENTED_EDGE ( 'NONE', *, *, #1079, .F. ) ;
#397 = ADVANCED_FACE ( 'NONE', ( #1302 ), #2093, .F. ) ;
#398 = DIRECTION ( 'NONE',  ( 0.000000000000000000, 0.000000000000000000, 1.000000000000000000 ) ) ;
#399 = CARTESIAN_POINT ( 'NONE',  ( 1.000000000000000000, 92.00000000000000000, 28.00000000000000000 ) ) ;
#400 = EDGE_LOOP ( 'NONE', ( #492, #67, #235, #562 ) ) ;
#401 = EDGE_CURVE ( 'NONE', #1534, #680, #1711, .T. ) ;
#402 = FACE_OUTER_BOUND ( 'NONE', #2178, .T. ) ;
#403 = EDGE_CURVE ( 'NONE', #2315, #1385, #1315, .T. ) ;
#404 = CARTESIAN_POINT ( 'NONE',  ( 7.000000000000000000, 75.99999999999998579, 28.00000000000000000 ) ) ;
#405 = DIRECTION ( 'NONE',  ( 0.3420201433256648826, 0.9396926207859097602, 0.000000000000000000 ) ) ;
#406 = ORIENTED_EDGE ( 'NONE', *, *, #599, .F. ) ;
#407 = CARTESIAN_POINT ( 'NONE',  ( 10.57784834550136388, -6.394141003279658619, -4.000000000000000000 ) ) ;
#408 = ORIENTED_EDGE ( 'NONE', *, *, #48, .F. ) ;
#409 = DIRECTION ( 'NONE',  ( -1.000000000000000000, -0.000000000000000000, -0.000000000000000000 ) ) ;
#410 = CIRCLE ( 'NONE', #1217, 4.000000000000000000 ) ;
#411 = ORIENTED_EDGE ( 'NONE', *, *, #1422, .F. ) ;
#412 = DIRECTION ( 'NONE',  ( 0.000000000000000000, 1.000000000000000000, -1.445602896647338917E-16 ) ) ;
#413 = VECTOR ( 'NONE', #1588, 1000.000000000000000 ) ;
#414 = AXIS2_PLACEMENT_3D ( 'NONE', #1460, #243, #1248 ) ;
#415 = EDGE_CURVE ( 'NONE', #341, #1577, #1658, .T. ) ;
#416 = CARTESIAN_POINT ( 'NONE',  ( 7.000000000000000000, 52.00000000000000711, 4.000000000000000000 ) ) ;
#417 = FACE_BOUND ( 'NONE', #2220, .T. ) ;
#418 = EDGE_CURVE ( 'NONE', #1126, #2374, #1526, .T. ) ;
#419 = CARTESIAN_POINT ( 'NONE',  ( 10.51030709019590681, -3.655904676949918386, 44.00000000000000000 ) ) ;
#420 = EDGE_LOOP ( 'NONE', ( #909, #43, #86, #1479 ) ) ;
#421 = CYLINDRICAL_SURFACE ( 'NONE', #1090, 3.175000000000005151 ) ;
#422 = DIRECTION ( 'NONE',  ( 1.000000000000000000, 0.000000000000000000, 0.000000000000000000 ) ) ;
#423 = AXIS2_PLACEMENT_3D ( 'NONE', #2184, #187, #2410 ) ;
#424 = ORIENTED_EDGE ( 'NONE', *, *, #1841, .F. ) ;
#425 = AXIS2_PLACEMENT_3D ( 'NONE', #822, #832, #859 ) ;
#426 = FILL_AREA_STYLE_COLOUR ( '', #1258 ) ;
#427 = AXIS2_PLACEMENT_3D ( 'NONE', #1506, #2342, #1716 ) ;
#428 = AXIS2_PLACEMENT_3D ( 'NONE', #1751, #745, #558 ) ;
#429 = EDGE_CURVE ( 'NONE', #1736, #1798, #2261, .T. ) ;
#430 = CARTESIAN_POINT ( 'NONE',  ( 8.270075151412791925, -9.810891343097621231, -8.000000000000000000 ) ) ;
#431 = DIRECTION ( 'NONE',  ( -1.000000000000000000, 0.000000000000000000, 0.000000000000000000 ) ) ;
#432 = DIRECTION ( 'NONE',  ( -0.9396926207859098712, 0.3420201433256648826, -0.000000000000000000 ) ) ;
#433 = EDGE_LOOP ( 'NONE', ( #1630, #1949, #1120, #2356 ) ) ;
#434 = PLANE ( 'NONE',  #1174 ) ;
#435 = DIRECTION ( 'NONE',  ( 0.9396926207859095381, -0.3420201433256658263, 0.000000000000000000 ) ) ;
#436 = VERTEX_POINT ( 'NONE', #1265 ) ;
#437 = SURFACE_STYLE_USAGE ( .BOTH. , #1239 ) ;
#438 = DIRECTION ( 'NONE',  ( 0.9396926207859095381, -0.3420201433256653822, -0.000000000000000000 ) ) ;
#439 = CYLINDRICAL_SURFACE ( 'NONE', #593, 3.999999999999999556 ) ;
#440 = DIRECTION ( 'NONE',  ( 0.3420201433256648826, 0.9396926207859098712, 0.000000000000000000 ) ) ;
#441 = ORIENTED_EDGE ( 'NONE', *, *, #1937, .T. ) ;
#442 = DIRECTION ( 'NONE',  ( 0.000000000000000000, 0.000000000000000000, 1.000000000000000000 ) ) ;
#443 = CARTESIAN_POINT ( 'NONE',  ( 8.000000000000000000, 75.99999999999998579, 28.00000000000000000 ) ) ;
#444 = ADVANCED_FACE ( 'NONE', ( #2070 ), #1872, .T. ) ;
#445 = VERTEX_POINT ( 'NONE', #2275 ) ;
#446 = EDGE_CURVE ( 'NONE', #2400, #1033, #269, .T. ) ;
#447 = VECTOR ( 'NONE', #1167, 1000.000000000000000 ) ;
#448 = AXIS2_PLACEMENT_3D ( 'NONE', #2455, #2253, #440 ) ;
#449 = VECTOR ( 'NONE', #1944, 1000.000000000000000 ) ;
#450 = DIRECTION ( 'NONE',  ( -1.000000000000000000, 0.000000000000000000, 0.000000000000000000 ) ) ;
#451 = AXIS2_PLACEMENT_3D ( 'NONE', #1107, #2121, #1291 ) ;
#452 = CARTESIAN_POINT ( 'NONE',  ( 8.000000000000000000, 36.00000000000000711, 1.450000000000001288 ) ) ;
#453 = ORIENTED_EDGE ( 'NONE', *, *, #1422, .T. ) ;
#454 = CYLINDRICAL_SURFACE ( 'NONE', #2395, 2.550000000000002931 ) ;
#455 = EDGE_CURVE ( 'NONE', #90, #53, #673, .T. ) ;
#456 = ORIENTED_EDGE ( 'NONE', *, *, #625, .T. ) ;
#457 = CARTESIAN_POINT ( 'NONE',  ( 1.000000000000000000, 92.00000000000000000, 31.17500000000001137 ) ) ;
#458 = CARTESIAN_POINT ( 'NONE',  ( 15.78761611770006290, -12.54705248970294029, 12.00000000000000000 ) ) ;
#459 = ADVANCED_FACE ( 'NONE', ( #949, #1172 ), #1951, .T. ) ;
#460 = EDGE_LOOP ( 'NONE', ( #1517, #1659 ) ) ;
#461 = SURFACE_STYLE_FILL_AREA ( #2051 ) ;
#462 = AXIS2_PLACEMENT_3D ( 'NONE', #538, #343, #1154 ) ;
#463 = VECTOR ( 'NONE', #1689, 1000.000000000000000 ) ;
#464 = CIRCLE ( 'NONE', #675, 2.549999999999993161 ) ;
#465 = CIRCLE ( 'NONE', #428, 3.999999999999999556 ) ;
#466 = CARTESIAN_POINT ( 'NONE',  ( 8.000000000000000000, 0.3551669667829505106, 8.000000000000000000 ) ) ;
#467 = CARTESIAN_POINT ( 'NONE',  ( 9.638155724715455008, -6.052120859953992849, -4.000000000000000000 ) ) ;
#468 = EDGE_LOOP ( 'NONE', ( #56, #2144 ) ) ;
#469 = DIRECTION ( 'NONE',  ( -1.000000000000000000, 0.000000000000000000, 0.000000000000000000 ) ) ;
#470 = ORIENTED_EDGE ( 'NONE', *, *, #2500, .F. ) ;
#471 = FACE_BOUND ( 'NONE', #2254, .T. ) ;
#472 = DIRECTION ( 'NONE',  ( 0.000000000000000000, 0.000000000000000000, -1.000000000000000000 ) ) ;
#473 = ORIENTED_EDGE ( 'NONE', *, *, #418, .T. ) ;
#474 = DIRECTION ( 'NONE',  ( 0.3420201433256654378, 0.9396926207859096492, -0.000000000000000000 ) ) ;
#475 = UNCERTAINTY_MEASURE_WITH_UNIT (LENGTH_MEASURE( 1.000000000000000082E-05 ), #229, 'distance_accuracy_value', 'NONE');
#476 = DIRECTION ( 'NONE',  ( -1.000000000000000000, -0.000000000000000000, 0.000000000000000000 ) ) ;
#477 = DIRECTION ( 'NONE',  ( 0.3420201433256648271, 0.9396926207859097602, 0.000000000000000000 ) ) ;
#478 = ADVANCED_FACE ( 'NONE', ( #218 ), #2338, .F. ) ;
#479 = EDGE_LOOP ( 'NONE', ( #978, #1402 ) ) ;
#480 = EDGE_CURVE ( 'NONE', #825, #1883, #1338, .T. ) ;
#481 = CARTESIAN_POINT ( 'NONE',  ( 9.638155724715451456, -6.052120859953989296, 44.00000000000000000 ) ) ;
#482 = FACE_OUTER_BOUND ( 'NONE', #29, .T. ) ;
#483 = ORIENTED_EDGE ( 'NONE', *, *, #455, .F. ) ;
#484 = DIRECTION ( 'NONE',  ( -0.3420201433256650492, -0.9396926207859096492, 0.000000000000000000 ) ) ;
#485 = EDGE_LOOP ( 'NONE', ( #696, #1514 ) ) ;
#486 = CARTESIAN_POINT ( 'NONE',  ( 0.000000000000000000, 75.99999999999998579, 28.00000000000000000 ) ) ;
#487 = DIRECTION ( 'NONE',  ( 0.000000000000000000, 0.000000000000000000, -1.000000000000000000 ) ) ;
#488 = CIRCLE ( 'NONE', #1889, 2.549999999999998934 ) ;
#489 = AXIS2_PLACEMENT_3D ( 'NONE', #902, #1109, #1328 ) ;
#490 = AXIS2_PLACEMENT_3D ( 'NONE', #2297, #1331, #2116 ) ;
#491 = PLANE ( 'NONE',  #2238 ) ;
#492 = ORIENTED_EDGE ( 'NONE', *, *, #1937, .F. ) ;
#493 = AXIS2_PLACEMENT_3D ( 'NONE', #1369, #390, #2354 ) ;
#494 = LINE ( 'NONE', #1304, #204 ) ;
#495 = EDGE_LOOP ( 'NONE', ( #942, #2134, #2164, #591 ) ) ;
#496 = EDGE_CURVE ( 'NONE', #64, #2587, #2368, .T. ) ;
#497 = AXIS2_PLACEMENT_3D ( 'NONE', #416, #1055, #600 ) ;
#498 = VERTEX_POINT ( 'NONE', #1540 ) ;
#499 = CARTESIAN_POINT ( 'NONE',  ( 0.000000000000000000, 64.00000000000000000, 27.99999999999999645 ) ) ;
#500 = ORIENTED_EDGE ( 'NONE', *, *, #866, .T. ) ;
#501 = LINE ( 'NONE', #522, #2308 ) ;
#502 = CARTESIAN_POINT ( 'NONE',  ( 1.000000000000000000, 92.00000000000000000, 25.45000000000000639 ) ) ;
#503 = VECTOR ( 'NONE', #1003, 1000.000000000000114 ) ;
#504 = FACE_OUTER_BOUND ( 'NONE', #433, .T. ) ;
#505 = VECTOR ( 'NONE', #706, 1000.000000000000114 ) ;
#506 = ORIENTED_EDGE ( 'NONE', *, *, #1909, .F. ) ;
#507 = EDGE_CURVE ( 'NONE', #1495, #765, #2569, .T. ) ;
#508 = DIRECTION ( 'NONE',  ( 0.000000000000000000, 0.000000000000000000, 1.000000000000000000 ) ) ;
#509 = ORIENTED_EDGE ( 'NONE', *, *, #2086, .T. ) ;
#510 = ORIENTED_EDGE ( 'NONE', *, *, #866, .F. ) ;
#511 = LINE ( 'NONE', #912, #627 ) ;
#512 = ORIENTED_EDGE ( 'NONE', *, *, #795, .F. ) ;
#513 = DIRECTION ( 'NONE',  ( -0.3420201433256654378, -0.9396926207859096492, 0.000000000000000000 ) ) ;
#514 = ADVANCED_FACE ( 'NONE', ( #759, #1225 ), #2426, .T. ) ;
#515 = DIRECTION ( 'NONE',  ( 0.3420201433256648826, 0.9396926207859098712, 0.000000000000000000 ) ) ;
#516 = FACE_BOUND ( 'NONE', #1873, .T. ) ;
#517 = CARTESIAN_POINT ( 'NONE',  ( 7.000000000000000000, 92.00000000000000000, 24.82499999999998863 ) ) ;
#518 = LINE ( 'NONE', #1827, #2495 ) ;
#519 = VERTEX_POINT ( 'NONE', #1421 ) ;
#520 = DIRECTION ( 'NONE',  ( -1.000000000000000000, 0.000000000000000000, 0.000000000000000000 ) ) ;
#521 = ORIENTED_EDGE ( 'NONE', *, *, #2200, .F. ) ;
#522 = CARTESIAN_POINT ( 'NONE',  ( 7.000000000000000000, 52.00000000000000711, 0.8249999999999949596 ) ) ;
#523 = EDGE_CURVE ( 'NONE', #707, #2422, #255, .T. ) ;
#524 = DIRECTION ( 'NONE',  ( 1.000000000000000000, -0.000000000000000000, -0.000000000000000000 ) ) ;
#525 = EDGE_CURVE ( 'NONE', #1033, #1595, #983, .T. ) ;
#526 = CARTESIAN_POINT ( 'NONE',  ( 7.000000000000000000, 4.000000000000000000, 7.175000000000005151 ) ) ;
#527 = CARTESIAN_POINT ( 'NONE',  ( 6.631919426697336917, -4.957940330304785093, 44.00000000000000000 ) ) ;
#528 = AXIS2_PLACEMENT_3D ( 'NONE', #2488, #1758, #1539 ) ;
#529 = VECTOR ( 'NONE', #2560, 1000.000000000000000 ) ;
#530 = DIRECTION ( 'NONE',  ( -1.000000000000000000, -0.000000000000000000, -0.000000000000000000 ) ) ;
#531 = ORIENTED_EDGE ( 'NONE', *, *, #918, .F. ) ;
#532 = CIRCLE ( 'NONE', #880, 2.550000000000003375 ) ;
#533 = CYLINDRICAL_SURFACE ( 'NONE', #1552, 4.000000000000000000 ) ;
#534 = AXIS2_PLACEMENT_3D ( 'NONE', #35, #2020, #1859 ) ;
#535 = EDGE_LOOP ( 'NONE', ( #370, #99, #1405, #2199 ) ) ;
#536 = CARTESIAN_POINT ( 'NONE',  ( 7.000000000000000000, 52.00000000000000711, 4.000000000000000000 ) ) ;
#537 = ADVANCED_FACE ( 'NONE', ( #2175, #2541, #516, #349, #1569, #556 ), #2031, .F. ) ;
#538 = CARTESIAN_POINT ( 'NONE',  ( 10.57784834550136210, -6.394141003279662172, -4.000000000000000000 ) ) ;
#539 = CYLINDRICAL_SURFACE ( 'NONE', #1333, 3.175000000000011369 ) ;
#540 = EDGE_LOOP ( 'NONE', ( #669, #1414 ) ) ;
#541 = LINE ( 'NONE', #1353, #2411 ) ;
#542 = AXIS2_PLACEMENT_3D ( 'NONE', #358, #1170, #487 ) ;
#543 = CARTESIAN_POINT ( 'NONE',  ( 11.00623629801811454, -2.293350376810344482, 12.00000000000000000 ) ) ;
#544 = AXIS2_PLACEMENT_3D ( 'NONE', #83, #1078, #692 ) ;
#545 = CARTESIAN_POINT ( 'NONE',  ( 8.766004359235013865, -8.448337042958064202, 44.00000000000000000 ) ) ;
#546 = VERTEX_POINT ( 'NONE', #938 ) ;
#547 = CIRCLE ( 'NONE', #2280, 3.175000000000005151 ) ;
#548 = CARTESIAN_POINT ( 'NONE',  ( 1.000000000000000000, 75.99999999999998579, 28.00000000000000000 ) ) ;
#549 = ORIENTED_EDGE ( 'NONE', *, *, #650, .F. ) ;
#550 = CARTESIAN_POINT ( 'NONE',  ( 0.000000000000000000, 68.00000000000000000, 4.000000000000000000 ) ) ;
#551 = ORIENTED_EDGE ( 'NONE', *, *, #2129, .T. ) ;
#552 = DIRECTION ( 'NONE',  ( -0.3420201433256654378, -0.9396926207859096492, 0.000000000000000000 ) ) ;
#553 = FACE_BOUND ( 'NONE', #911, .T. ) ;
#554 = CARTESIAN_POINT ( 'NONE',  ( 8.000000000000000000, 60.00000000000000711, 12.00000000000000000 ) ) ;
#555 = EDGE_LOOP ( 'NONE', ( #1038, #2337, #1207, #1180 ) ) ;
#556 = FACE_OUTER_BOUND ( 'NONE', #571, .T. ) ;
#557 = CARTESIAN_POINT ( 'NONE',  ( 9.491934390442381186, -9.377665074274910140, 44.00000000000000000 ) ) ;
#558 = DIRECTION ( 'NONE',  ( 0.9396926207859095381, -0.3420201433256658263, 0.000000000000000000 ) ) ;
#559 = ORIENTED_EDGE ( 'NONE', *, *, #732, .F. ) ;
#560 = ADVANCED_FACE ( 'NONE', ( #1034 ), #1749, .T. ) ;
#561 = CARTESIAN_POINT ( 'NONE',  ( 11.66376230056035190, -3.410616932284392444, 44.00000000000000000 ) ) ;
#562 = ORIENTED_EDGE ( 'NONE', *, *, #758, .F. ) ;
#563 = DIRECTION ( 'NONE',  ( 0.000000000000000000, 0.000000000000000000, -1.000000000000000000 ) ) ;
#564 = ORIENTED_EDGE ( 'NONE', *, *, #401, .T. ) ;
#565 = CARTESIAN_POINT ( 'NONE',  ( 1.000000000000000000, 75.99999999999998579, 28.00000000000000000 ) ) ;
#566 = CARTESIAN_POINT ( 'NONE',  ( 1.000000000000000000, 92.00000000000000000, 24.82499999999998863 ) ) ;
#567 = ORIENTED_EDGE ( 'NONE', *, *, #1095, .T. ) ;
#568 = EDGE_CURVE ( 'NONE', #2205, #680, #1567, .T. ) ;
#569 = CARTESIAN_POINT ( 'NONE',  ( 8.000000000000000000, 36.00000000000000711, 7.175000000000005151 ) ) ;
#570 = CYLINDRICAL_SURFACE ( 'NONE', #1699, 2.549999999999998490 ) ;
#571 = EDGE_LOOP ( 'NONE', ( #1787, #913, #872, #1002, #2387, #1324, #2599, #1703, #100, #500, #1602, #2003 ) ) ;
#572 = PRODUCT ( 'Ultra_adapter', 'Ultra_adapter', '', ( #1634 ) ) ;
#573 = CIRCLE ( 'NONE', #2018, 3.175000000000005151 ) ;
#574 = FACE_BOUND ( 'NONE', #1957, .T. ) ;
#575 = EDGE_LOOP ( 'NONE', ( #1845, #2111 ) ) ;
#576 = AXIS2_PLACEMENT_3D ( 'NONE', #80, #1137, #2104 ) ;
#577 = CARTESIAN_POINT ( 'NONE',  ( 8.000000000000000000, -1.199169847161146496, -0.08098595737344929657 ) ) ;
#578 = ORIENTED_EDGE ( 'NONE', *, *, #151, .T. ) ;
#579 = DIRECTION ( 'NONE',  ( 0.000000000000000000, 0.000000000000000000, 1.000000000000000000 ) ) ;
#580 = AXIS2_PLACEMENT_3D ( 'NONE', #860, #1704, #98 ) ;
#581 = DIRECTION ( 'NONE',  ( -0.3420201433256654378, -0.9396926207859096492, 6.162975822039156098E-33 ) ) ;
#582 = ORIENTED_EDGE ( 'NONE', *, *, #691, .F. ) ;
#583 = DIRECTION ( 'NONE',  ( 0.000000000000000000, 0.000000000000000000, -1.000000000000000000 ) ) ;
#584 = FACE_OUTER_BOUND ( 'NONE', #2066, .T. ) ;
#585 = EDGE_CURVE ( 'NONE', #1914, #1266, #2328, .T. ) ;
#586 = ORIENTED_EDGE ( 'NONE', *, *, #2033, .F. ) ;
#587 = AXIS2_PLACEMENT_3D ( 'NONE', #1510, #2314, #552 ) ;
#588 = DIRECTION ( 'NONE',  ( 0.000000000000000000, 0.000000000000000000, 1.000000000000000000 ) ) ;
#589 = AXIS2_PLACEMENT_3D ( 'NONE', #2353, #1368, #1737 ) ;
#590 = AXIS2_PLACEMENT_3D ( 'NONE', #565, #783, #398 ) ;
#591 = ORIENTED_EDGE ( 'NONE', *, *, #525, .T. ) ;
#592 = DIRECTION ( 'NONE',  ( -0.000000000000000000, 1.770352960217305483E-32, 1.000000000000000000 ) ) ;
#593 = AXIS2_PLACEMENT_3D ( 'NONE', #601, #2417, #2216 ) ;
#594 = VERTEX_POINT ( 'NONE', #526 ) ;
#595 = DIRECTION ( 'NONE',  ( 0.000000000000000000, 0.000000000000000000, -1.000000000000000000 ) ) ;
#596 = CARTESIAN_POINT ( 'NONE',  ( 7.000000000000000000, 75.99999999999998579, 24.82499999999998863 ) ) ;
#597 = ORIENTED_EDGE ( 'NONE', *, *, #1860, .T. ) ;
#598 = EDGE_CURVE ( 'NONE', #1773, #314, #134, .T. ) ;
#599 = EDGE_CURVE ( 'NONE', #712, #768, #541, .T. ) ;
#600 = DIRECTION ( 'NONE',  ( 0.000000000000000000, 0.000000000000000000, -1.000000000000000000 ) ) ;
#601 = CARTESIAN_POINT ( 'NONE',  ( 9.638155724715451456, -6.052120859953989296, -4.000000000000000000 ) ) ;
#602 = DIRECTION ( 'NONE',  ( -1.000000000000000000, -0.000000000000000000, -0.000000000000000000 ) ) ;
#603 = ORIENTED_EDGE ( 'NONE', *, *, #51, .T. ) ;
#604 = DIRECTION ( 'NONE',  ( 1.000000000000000000, -0.000000000000000000, -0.000000000000000000 ) ) ;
#605 = ORIENTED_EDGE ( 'NONE', *, *, #1251, .F. ) ;
#606 = DIRECTION ( 'NONE',  ( 1.000000000000000000, 0.000000000000000000, 0.000000000000000000 ) ) ;
#607 = SHAPE_DEFINITION_REPRESENTATION ( #2391, #857 ) ;
#608 = LINE ( 'NONE', #772, #1992 ) ;
#609 = ORIENTED_EDGE ( 'NONE', *, *, #957, .T. ) ;
#610 = CARTESIAN_POINT ( 'NONE',  ( 8.000000000000000000, 0.000000000000000000, 0.000000000000000000 ) ) ;
#611 = ADVANCED_FACE ( 'NONE', ( #1880 ), #840, .F. ) ;
#612 = ADVANCED_FACE ( 'NONE', ( #1857 ), #1076, .F. ) ;
#613 = DIRECTION ( 'NONE',  ( 0.9396926207859098712, -0.3420201433256648826, 0.000000000000000000 ) ) ;
#614 = DIRECTION ( 'NONE',  ( 0.000000000000000000, 0.000000000000000000, -1.000000000000000000 ) ) ;
#615 = DIRECTION ( 'NONE',  ( 0.3420201433256647161, 0.9396926207859097602, 0.000000000000000000 ) ) ;
#616 = VERTEX_POINT ( 'NONE', #1260 ) ;
#617 = CARTESIAN_POINT ( 'NONE',  ( 4.000000000000000000, -4.000000000000000000, 0.000000000000000000 ) ) ;
#618 = CIRCLE ( 'NONE', #1551, 3.175000000000005151 ) ;
#619 = ORIENTED_EDGE ( 'NONE', *, *, #2005, .T. ) ;
#620 = DIRECTION ( 'NONE',  ( 0.000000000000000000, -0.000000000000000000, -1.000000000000000000 ) ) ;
#621 = AXIS2_PLACEMENT_3D ( 'NONE', #2401, #1403, #2573 ) ;
#622 =( GEOMETRIC_REPRESENTATION_CONTEXT ( 3 ) GLOBAL_UNCERTAINTY_ASSIGNED_CONTEXT ( ( #475 ) ) GLOBAL_UNIT_ASSIGNED_CONTEXT ( ( #229, #33, #239 ) ) REPRESENTATION_CONTEXT ( 'NONE', 'WORKASPACE' ) );
#623 = EDGE_LOOP ( 'NONE', ( #684, #907 ) ) ;
#624 = LINE ( 'NONE', #1449, #449 ) ;
#625 = EDGE_CURVE ( 'NONE', #1926, #1595, #2080, .T. ) ;
#626 = VERTEX_POINT ( 'NONE', #1651 ) ;
#627 = VECTOR ( 'NONE', #2309, 1000.000000000000114 ) ;
#628 = AXIS2_PLACEMENT_3D ( 'NONE', #1529, #664, #1491 ) ;
#629 = FACE_BOUND ( 'NONE', #2174, .T. ) ;
#630 = CARTESIAN_POINT ( 'NONE',  ( 7.000000000000000000, 75.99999999999998579, 25.45000000000000639 ) ) ;
#631 = DIRECTION ( 'NONE',  ( 1.000000000000000000, 0.000000000000000000, 0.000000000000000000 ) ) ;
#632 = ORIENTED_EDGE ( 'NONE', *, *, #2487, .F. ) ;
#633 = CARTESIAN_POINT ( 'NONE',  ( 16.21600407021682599, -8.446261863233651468, -4.000000000000000000 ) ) ;
#634 = DIRECTION ( 'NONE',  ( 0.000000000000000000, 0.000000000000000000, -1.000000000000000000 ) ) ;
#635 = AXIS2_PLACEMENT_3D ( 'NONE', #1710, #105, #1734 ) ;
#636 = VERTEX_POINT ( 'NONE', #44 ) ;
#637 = AXIS2_PLACEMENT_3D ( 'NONE', #106, #921, #70 ) ;
#638 = FACE_BOUND ( 'NONE', #1433, .T. ) ;
#639 = FACE_BOUND ( 'NONE', #1152, .T. ) ;
#640 = EDGE_CURVE ( 'NONE', #1053, #2351, #1088, .T. ) ;
#641 = LINE ( 'NONE', #2243, #324 ) ;
#642 = PRODUCT_DEFINITION ( 'UNKNOWN', '', #1173, #81 ) ;
#643 = ORIENTED_EDGE ( 'NONE', *, *, #1051, .F. ) ;
#644 = EDGE_CURVE ( 'NONE', #53, #90, #2322, .T. ) ;
#645 = CARTESIAN_POINT ( 'NONE',  ( 9.491934390442377634, -9.377665074274919021, -4.000000000000000000 ) ) ;
#646 = DIRECTION ( 'NONE',  ( -1.000000000000000000, -0.000000000000000000, -0.000000000000000000 ) ) ;
#647 = ORIENTED_EDGE ( 'NONE', *, *, #2487, .T. ) ;
#648 = CARTESIAN_POINT ( 'NONE',  ( 1.000000000000000000, 52.00000000000000711, 7.175000000000005151 ) ) ;
#649 = DIRECTION ( 'NONE',  ( 1.000000000000000000, -0.000000000000000000, 0.000000000000000000 ) ) ;
#650 = EDGE_CURVE ( 'NONE', #291, #2011, #217, .T. ) ;
#651 = CARTESIAN_POINT ( 'NONE',  ( 8.000000000000000000, 72.00000000000001421, 0.000000000000000000 ) ) ;
#652 = ORIENTED_EDGE ( 'NONE', *, *, #959, .T. ) ;
#653 = DIRECTION ( 'NONE',  ( 0.000000000000000000, 0.000000000000000000, -1.000000000000000000 ) ) ;
#654 = FACE_BOUND ( 'NONE', #2561, .T. ) ;
#655 = ORIENTED_EDGE ( 'NONE', *, *, #1587, .T. ) ;
#656 = CARTESIAN_POINT ( 'NONE',  ( 0.000000000000000000, 52.00000000000000711, 4.000000000000000000 ) ) ;
#657 = CIRCLE ( 'NONE', #528, 3.175000000000005151 ) ;
#658 = VECTOR ( 'NONE', #142, 1000.000000000000000 ) ;
#659 = AXIS2_PLACEMENT_3D ( 'NONE', #16, #233, #2464 ) ;
#660 = CYLINDRICAL_SURFACE ( 'NONE', #1466, 3.175000000000005151 ) ;
#661 = AXIS2_PLACEMENT_3D ( 'NONE', #966, #1953, #1203 ) ;
#662 = CARTESIAN_POINT ( 'NONE',  ( 0.000000000000000000, 72.00000000000001421, 24.00000000000000355 ) ) ;
#663 = ORIENTED_EDGE ( 'NONE', *, *, #1829, .F. ) ;
#664 = DIRECTION ( 'NONE',  ( -0.9396926207859095381, 0.3420201433256653822, 0.000000000000000000 ) ) ;
#665 = EDGE_CURVE ( 'NONE', #626, #2526, #1314, .T. ) ;
#666 = LINE ( 'NONE', #886, #272 ) ;
#667 = DIRECTION ( 'NONE',  ( -1.000000000000000000, 0.000000000000000000, 0.000000000000000000 ) ) ;
#668 = DIRECTION ( 'NONE',  ( 0.000000000000000000, 0.000000000000000000, 1.000000000000000000 ) ) ;
#669 = ORIENTED_EDGE ( 'NONE', *, *, #48, .T. ) ;
#670 = DIRECTION ( 'NONE',  ( 0.9396926207859097602, -0.3420201433256648271, -0.000000000000000000 ) ) ;
#671 = ADVANCED_FACE ( 'NONE', ( #2249 ), #1487, .F. ) ;
#672 = AXIS2_PLACEMENT_3D ( 'NONE', #1199, #1365, #1608 ) ;
#673 = CIRCLE ( 'NONE', #1231, 3.174999999999996270 ) ;
#674 = ADVANCED_FACE ( 'NONE', ( #251 ), #865, .F. ) ;
#675 = AXIS2_PLACEMENT_3D ( 'NONE', #2234, #422, #2078 ) ;
#676 = ADVANCED_FACE ( 'NONE', ( #2271 ), #22, .F. ) ;
#677 = CIRCLE ( 'NONE', #1782, 3.174999999999993605 ) ;
#678 = LINE ( 'NONE', #2364, #916 ) ;
#679 = CARTESIAN_POINT ( 'NONE',  ( 0.000000000000000000, 60.00000000000000711, 12.00000000000000000 ) ) ;
#680 = VERTEX_POINT ( 'NONE', #1636 ) ;
#681 = CARTESIAN_POINT ( 'NONE',  ( 0.000000000000000000, 36.00000000000000711, 4.000000000000000000 ) ) ;
#682 = MANIFOLD_SOLID_BREP ( 'Fillet5', #1370 ) ;
#683 = DIRECTION ( 'NONE',  ( 0.000000000000000000, 0.000000000000000000, 1.000000000000000000 ) ) ;
#684 = ORIENTED_EDGE ( 'NONE', *, *, #266, .F. ) ;
#685 = FACE_OUTER_BOUND ( 'NONE', #1108, .T. ) ;
#686 = CARTESIAN_POINT ( 'NONE',  ( 7.000000000000000000, 36.00000000000000711, 7.175000000000005151 ) ) ;
#687 = EDGE_LOOP ( 'NONE', ( #2372, #869, #2465, #609, #394, #2317 ) ) ;
#688 = CARTESIAN_POINT ( 'NONE',  ( 1.000000000000000000, 4.000000000000000000, 6.550000000000000711 ) ) ;
#689 = CARTESIAN_POINT ( 'NONE',  ( 8.000000000000000000, 0.3551669667829548960, 4.329317891681767703E-17 ) ) ;
#690 = EDGE_CURVE ( 'NONE', #1362, #363, #624, .T. ) ;
#691 = EDGE_CURVE ( 'NONE', #636, #1714, #1745, .T. ) ;
#692 = DIRECTION ( 'NONE',  ( 0.000000000000000000, 0.000000000000000000, -1.000000000000000000 ) ) ;
#693 = ORIENTED_EDGE ( 'NONE', *, *, #691, .T. ) ;
#694 = DIRECTION ( 'NONE',  ( 0.000000000000000000, 0.000000000000000000, 1.000000000000000000 ) ) ;
#695 = CYLINDRICAL_SURFACE ( 'NONE', #1952, 3.175000000000005151 ) ;
#696 = ORIENTED_EDGE ( 'NONE', *, *, #286, .F. ) ;
#697 = CARTESIAN_POINT ( 'NONE',  ( 8.270075151412791925, -9.810891343097621231, 44.00000000000000000 ) ) ;
#698 = ORIENTED_EDGE ( 'NONE', *, *, #1547, .F. ) ;
#699 = DIRECTION ( 'NONE',  ( 0.000000000000000000, 0.000000000000000000, 1.000000000000000000 ) ) ;
#700 = DIRECTION ( 'NONE',  ( 0.000000000000000000, 0.000000000000000000, 1.000000000000000000 ) ) ;
#701 = ADVANCED_FACE ( 'NONE', ( #103, #1908 ), #131, .T. ) ;
#702 = VERTEX_POINT ( 'NONE', #688 ) ;
#703 = AXIS2_PLACEMENT_3D ( 'NONE', #158, #1998, #956 ) ;
#704 = AXIS2_PLACEMENT_3D ( 'NONE', #2588, #1151, #353 ) ;
#705 = CIRCLE ( 'NONE', #1682, 2.549999999999993161 ) ;
#706 = DIRECTION ( 'NONE',  ( -0.9396926207859096492, 0.3420201433256653822, -0.000000000000000000 ) ) ;
#707 = VERTEX_POINT ( 'NONE', #914 ) ;
#708 = CIRCLE ( 'NONE', #1687, 3.175000000000005151 ) ;
#709 = CARTESIAN_POINT ( 'NONE',  ( 8.000000000000000000, 4.000000000000000000, 4.000000000000000000 ) ) ;
#710 = VERTEX_POINT ( 'NONE', #945 ) ;
#711 = ADVANCED_FACE ( 'NONE', ( #2312 ), #292, .F. ) ;
#712 = VERTEX_POINT ( 'NONE', #739 ) ;
#713 = DIRECTION ( 'NONE',  ( 0.000000000000000000, 0.000000000000000000, 1.000000000000000000 ) ) ;
#714 = ORIENTED_EDGE ( 'NONE', *, *, #1115, .F. ) ;
#715 = CARTESIAN_POINT ( 'NONE',  ( 0.000000000000000000, 4.000000000000000000, 7.175000000000005151 ) ) ;
#716 = FACE_OUTER_BOUND ( 'NONE', #1205, .T. ) ;
#717 = VECTOR ( 'NONE', #2118, 1000.000000000000114 ) ;
#718 = DIRECTION ( 'NONE',  ( -0.3420201433256655488, -0.9396926207859095381, 0.000000000000000000 ) ) ;
#719 = AXIS2_PLACEMENT_3D ( 'NONE', #2530, #1289, #1923 ) ;
#720 = DIRECTION ( 'NONE',  ( -0.9396926207859097602, 0.3420201433256654378, 0.000000000000000000 ) ) ;
#721 = ORIENTED_EDGE ( 'NONE', *, *, #793, .F. ) ;
#722 = EDGE_CURVE ( 'NONE', #2212, #1773, #157, .T. ) ;
#723 = ORIENTED_EDGE ( 'NONE', *, *, #1450, .T. ) ;
#724 = APPLICATION_CONTEXT ( 'automotive_design' ) ;
#725 = CARTESIAN_POINT ( 'NONE',  ( 7.000000000000000000, 75.99999999999998579, 31.17500000000001137 ) ) ;
#726 = EDGE_CURVE ( 'NONE', #2536, #277, #242, .T. ) ;
#727 = EDGE_LOOP ( 'NONE', ( #925, #2591 ) ) ;
#728 = LINE ( 'NONE', #1345, #1763 ) ;
#729 = LINE ( 'NONE', #1332, #717 ) ;
#730 = VERTEX_POINT ( 'NONE', #905 ) ;
#731 = DIRECTION ( 'NONE',  ( -1.000000000000000000, -0.000000000000000000, -0.000000000000000000 ) ) ;
#732 = EDGE_CURVE ( 'NONE', #1800, #1474, #1709, .T. ) ;
#733 = CARTESIAN_POINT ( 'NONE',  ( 16.21600407021682599, -8.446261863233651468, -4.000000000000000000 ) ) ;
#734 = DIRECTION ( 'NONE',  ( 0.000000000000000000, 0.000000000000000000, -1.000000000000000000 ) ) ;
#735 = EDGE_CURVE ( 'NONE', #2367, #636, #728, .T. ) ;
#736 = ORIENTED_EDGE ( 'NONE', *, *, #1454, .F. ) ;
#737 = DIRECTION ( 'NONE',  ( 0.000000000000000000, 0.000000000000000000, 1.000000000000000000 ) ) ;
#738 = EDGE_LOOP ( 'NONE', ( #32, #155 ) ) ;
#739 = CARTESIAN_POINT ( 'NONE',  ( 7.000000000000000000, 92.00000000000000000, 30.54999999999999361 ) ) ;
#740 = DIRECTION ( 'NONE',  ( 0.000000000000000000, 0.000000000000000000, -1.000000000000000000 ) ) ;
#741 = CARTESIAN_POINT ( 'NONE',  ( 0.000000000000000000, 52.00000000000000711, 7.175000000000005151 ) ) ;
#742 = CARTESIAN_POINT ( 'NONE',  ( 1.000000000000000000, 36.00000000000000711, 7.175000000000005151 ) ) ;
#743 = LINE ( 'NONE', #2398, #1131 ) ;
#744 = CIRCLE ( 'NONE', #2556, 3.174999999999996270 ) ;
#745 = DIRECTION ( 'NONE',  ( 0.3420201433256655488, 0.9396926207859095381, -0.000000000000000000 ) ) ;
#746 = ORIENTED_EDGE ( 'NONE', *, *, #1162, .T. ) ;
#747 = AXIS2_PLACEMENT_3D ( 'NONE', #208, #432, #1863 ) ;
#748 = CARTESIAN_POINT ( 'NONE',  ( 12.02884563455642208, -11.17897191640027899, 12.00000000000000000 ) ) ;
#749 = CIRCLE ( 'NONE', #414, 3.175000000000005151 ) ;
#750 = ORIENTED_EDGE ( 'NONE', *, *, #808, .F. ) ;
#751 = PLANE ( 'NONE',  #1380 ) ;
#752 = ORIENTED_EDGE ( 'NONE', *, *, #1469, .T. ) ;
#753 = CYLINDRICAL_SURFACE ( 'NONE', #1483, 3.175000000000011369 ) ;
#754 = CARTESIAN_POINT ( 'NONE',  ( 1.000000000000000000, 52.00000000000000711, 1.449999999999994182 ) ) ;
#755 = EDGE_CURVE ( 'NONE', #1149, #626, #2334, .T. ) ;
#756 = FACE_OUTER_BOUND ( 'NONE', #1769, .T. ) ;
#757 = ORIENTED_EDGE ( 'NONE', *, *, #1626, .F. ) ;
#758 = EDGE_CURVE ( 'NONE', #2516, #1362, #2152, .T. ) ;
#759 = FACE_BOUND ( 'NONE', #2122, .T. ) ;
#760 = CIRCLE ( 'NONE', #423, 4.000000000000000000 ) ;
#761 = FACE_OUTER_BOUND ( 'NONE', #21, .T. ) ;
#762 = AXIS2_PLACEMENT_3D ( 'NONE', #1663, #878, #2486 ) ;
#763 = DIRECTION ( 'NONE',  ( -1.000000000000000000, 0.000000000000000000, 0.000000000000000000 ) ) ;
#764 = AXIS2_PLACEMENT_3D ( 'NONE', #1169, #1973, #1578 ) ;
#765 = VERTEX_POINT ( 'NONE', #328 ) ;
#766 = CIRCLE ( 'NONE', #88, 4.000000000000000000 ) ;
#767 = DIRECTION ( 'NONE',  ( -0.9396926207859096492, 0.3420201433256657153, 0.000000000000000000 ) ) ;
#768 = VERTEX_POINT ( 'NONE', #2126 ) ;
#769 = LINE ( 'NONE', #1415, #658 ) ;
#770 = ORIENTED_EDGE ( 'NONE', *, *, #2129, .F. ) ;
#771 = CARTESIAN_POINT ( 'NONE',  ( 9.638155724715453232, -6.052120859953987519, 48.00000000000000000 ) ) ;
#772 = CARTESIAN_POINT ( 'NONE',  ( 7.000000000000000000, 92.00000000000000000, 24.82499999999998863 ) ) ;
#773 = ORIENTED_EDGE ( 'NONE', *, *, #2289, .T. ) ;
#774 = ORIENTED_EDGE ( 'NONE', *, *, #1860, .F. ) ;
#775 = FACE_OUTER_BOUND ( 'NONE', #998, .T. ) ;
#776 = DIRECTION ( 'NONE',  ( 0.9396926207859096492, -0.3420201433256655488, -0.000000000000000000 ) ) ;
#777 = EDGE_LOOP ( 'NONE', ( #1677, #71, #2343, #1821 ) ) ;
#778 = DIRECTION ( 'NONE',  ( -1.000000000000000000, -0.000000000000000000, -0.000000000000000000 ) ) ;
#779 = ORIENTED_EDGE ( 'NONE', *, *, #1319, .T. ) ;
#780 = CARTESIAN_POINT ( 'NONE',  ( -8.673617379884035472E-16, -4.000000000000000000, 0.000000000000000000 ) ) ;
#781 = ORIENTED_EDGE ( 'NONE', *, *, #876, .F. ) ;
#782 = VECTOR ( 'NONE', #1401, 1000.000000000000000 ) ;
#783 = DIRECTION ( 'NONE',  ( -1.000000000000000000, 0.000000000000000000, 0.000000000000000000 ) ) ;
#784 = DIRECTION ( 'NONE',  ( 0.000000000000000000, 0.000000000000000000, 1.000000000000000000 ) ) ;
#785 = DIRECTION ( 'NONE',  ( 0.000000000000000000, 0.000000000000000000, 1.000000000000000000 ) ) ;
#786 = ORIENTED_EDGE ( 'NONE', *, *, #1870, .F. ) ;
#787 = VERTEX_POINT ( 'NONE', #1895 ) ;
#788 = EDGE_CURVE ( 'NONE', #2376, #825, #368, .T. ) ;
#789 = CARTESIAN_POINT ( 'NONE',  ( 12.02884563455642564, -11.17897191640028076, 28.00000000000000000 ) ) ;
#790 = DIRECTION ( 'NONE',  ( 0.000000000000000000, 0.000000000000000000, 1.000000000000000000 ) ) ;
#791 = EDGE_LOOP ( 'NONE', ( #424, #310, #2209, #973 ) ) ;
#792 = CYLINDRICAL_SURFACE ( 'NONE', #2099, 3.175000000000005151 ) ;
#793 = EDGE_CURVE ( 'NONE', #2608, #2009, #2440, .T. ) ;
#794 = ORIENTED_EDGE ( 'NONE', *, *, #2386, .T. ) ;
#795 = EDGE_CURVE ( 'NONE', #196, #1650, #1299, .T. ) ;
#796 = AXIS2_PLACEMENT_3D ( 'NONE', #2193, #767, #1359 ) ;
#797 = CARTESIAN_POINT ( 'NONE',  ( 8.000000000000000000, 3.469446951953615767E-15, 24.00000000000001421 ) ) ;
#798 = VERTEX_POINT ( 'NONE', #1509 ) ;
#799 = CARTESIAN_POINT ( 'NONE',  ( 14.76500678116174647, -3.661430950113003124, 12.00000000000000000 ) ) ;
#800 = CIRCLE ( 'NONE', #2267, 4.000000000000000000 ) ;
#801 = CARTESIAN_POINT ( 'NONE',  ( 17.08815543569727424, -6.050045680229571232, 44.00000000000000000 ) ) ;
#802 = ORIENTED_EDGE ( 'NONE', *, *, #2299, .F. ) ;
#803 = CARTESIAN_POINT ( 'NONE',  ( 10.57784834550136388, -6.394141003279654178, 44.00000000000000000 ) ) ;
#804 = PLANE ( 'NONE',  #1443 ) ;
#805 = VECTOR ( 'NONE', #1198, 1000.000000000000000 ) ;
#806 = DIRECTION ( 'NONE',  ( 0.000000000000000000, 0.000000000000000000, 1.000000000000000000 ) ) ;
#807 = AXIS2_PLACEMENT_3D ( 'NONE', #1781, #1625, #1130 ) ;
#808 = EDGE_CURVE ( 'NONE', #2536, #2039, #501, .T. ) ;
#809 = AXIS2_PLACEMENT_3D ( 'NONE', #1271, #646, #668 ) ;
#810 = ORIENTED_EDGE ( 'NONE', *, *, #1095, .F. ) ;
#811 = CARTESIAN_POINT ( 'NONE',  ( 0.000000000000000000, 3.469446951953615767E-15, 24.00000000000001421 ) ) ;
#812 = CIRCLE ( 'NONE', #1145, 2.549999999999998934 ) ;
#813 = ORIENTED_EDGE ( 'NONE', *, *, #318, .T. ) ;
#814 = DIRECTION ( 'NONE',  ( 1.000000000000000000, -0.000000000000000000, -0.000000000000000000 ) ) ;
#815 = EDGE_CURVE ( 'NONE', #2270, #2394, #920, .T. ) ;
#816 = CYLINDRICAL_SURFACE ( 'NONE', #215, 3.999999999999999556 ) ;
#817 = ORIENTED_EDGE ( 'NONE', *, *, #726, .T. ) ;
#818 = CARTESIAN_POINT ( 'NONE',  ( 10.57784834550136566, -6.394141003279650626, 44.00000000000000000 ) ) ;
#819 = ORIENTED_EDGE ( 'NONE', *, *, #1066, .T. ) ;
#820 = CARTESIAN_POINT ( 'NONE',  ( 1.000000000000000000, 75.99999999999998579, 28.00000000000000000 ) ) ;
#821 = ORIENTED_EDGE ( 'NONE', *, *, #957, .F. ) ;
#822 = CARTESIAN_POINT ( 'NONE',  ( 7.000000000000000000, 75.99999999999998579, 28.00000000000000000 ) ) ;
#823 = CARTESIAN_POINT ( 'NONE',  ( 8.270075151412791925, -9.810891343097621231, -4.000000000000000000 ) ) ;
#824 = EDGE_CURVE ( 'NONE', #1474, #1776, #34, .T. ) ;
#825 = VERTEX_POINT ( 'NONE', #2527 ) ;
#826 = DIRECTION ( 'NONE',  ( 0.000000000000000000, 0.000000000000000000, 1.000000000000000000 ) ) ;
#827 = ORIENTED_EDGE ( 'NONE', *, *, #1308, .T. ) ;
#828 = DIRECTION ( 'NONE',  ( 0.000000000000000000, 0.000000000000000000, -1.000000000000000000 ) ) ;
#829 = ORIENTED_EDGE ( 'NONE', *, *, #722, .F. ) ;
#830 = DIRECTION ( 'NONE',  ( 0.000000000000000000, 0.000000000000000000, -1.000000000000000000 ) ) ;
#831 = DIRECTION ( 'NONE',  ( 0.000000000000000000, 0.000000000000000000, 1.000000000000000000 ) ) ;
#832 = DIRECTION ( 'NONE',  ( 1.000000000000000000, 0.000000000000000000, 0.000000000000000000 ) ) ;
#833 = CARTESIAN_POINT ( 'NONE',  ( 0.000000000000000000, 92.00000000000000000, 28.00000000000000000 ) ) ;
#834 = VERTEX_POINT ( 'NONE', #715 ) ;
#835 = DIRECTION ( 'NONE',  ( 0.000000000000000000, 0.000000000000000000, 1.000000000000000000 ) ) ;
#836 = PLANE ( 'NONE',  #1568 ) ;
#837 = VECTOR ( 'NONE', #1603, 1000.000000000000000 ) ;
#838 = AXIS2_PLACEMENT_3D ( 'NONE', #486, #315, #699 ) ;
#839 = ORIENTED_EDGE ( 'NONE', *, *, #875, .F. ) ;
#840 = CYLINDRICAL_SURFACE ( 'NONE', #1350, 3.174999999999997602 ) ;
#841 = AXIS2_PLACEMENT_3D ( 'NONE', #1008, #2543, #2453 ) ;
#842 = VECTOR ( 'NONE', #2215, 1000.000000000000000 ) ;
#843 = EDGE_CURVE ( 'NONE', #1789, #712, #705, .T. ) ;
#844 = EDGE_CURVE ( 'NONE', #519, #341, #2404, .T. ) ;
#845 = CARTESIAN_POINT ( 'NONE',  ( 8.000000000000000000, 64.00000000000001421, 12.00000000000000178 ) ) ;
#846 = EDGE_CURVE ( 'NONE', #1366, #1914, #2437, .T. ) ;
#847 = FACE_OUTER_BOUND ( 'NONE', #1233, .T. ) ;
#848 = DIRECTION ( 'NONE',  ( 0.000000000000000000, 0.000000000000000000, -1.000000000000000000 ) ) ;
#849 = ORIENTED_EDGE ( 'NONE', *, *, #59, .F. ) ;
#850 = DIRECTION ( 'NONE',  ( 1.000000000000000000, 0.000000000000000000, -0.000000000000000000 ) ) ;
#851 = DIRECTION ( 'NONE',  ( -0.3420201433256657153, -0.9396926207859095381, 0.000000000000000000 ) ) ;
#852 = AXIS2_PLACEMENT_3D ( 'NONE', #554, #2607, #1394 ) ;
#853 = ORIENTED_EDGE ( 'NONE', *, *, #2567, .T. ) ;
#854 = AXIS2_PLACEMENT_3D ( 'NONE', #1325, #980, #1980 ) ;
#855 = DIRECTION ( 'NONE',  ( -1.000000000000000000, 0.000000000000000000, 0.000000000000000000 ) ) ;
#856 = ADVANCED_FACE ( 'NONE', ( #1590 ), #751, .F. ) ;
#857 = ADVANCED_BREP_SHAPE_REPRESENTATION ( 'Ultra_adapter', ( #682, #1254 ), #1762 ) ;
#858 = DIRECTION ( 'NONE',  ( -0.9396926207859096492, 0.3420201433256654378, 0.000000000000000000 ) ) ;
#859 = DIRECTION ( 'NONE',  ( 0.000000000000000000, 0.000000000000000000, -1.000000000000000000 ) ) ;
#860 = CARTESIAN_POINT ( 'NONE',  ( 8.000000000000000000, 92.00000000000001421, 28.00000000000000000 ) ) ;
#861 = ORIENTED_EDGE ( 'NONE', *, *, #2163, .F. ) ;
#862 = CARTESIAN_POINT ( 'NONE',  ( 4.511304668269152884, -8.442810769794965253, 8.000000000000000000 ) ) ;
#863 = LINE ( 'NONE', #1855, #125 ) ;
#864 = ORIENTED_EDGE ( 'NONE', *, *, #1472, .F. ) ;
#865 = CYLINDRICAL_SURFACE ( 'NONE', #1512, 2.549999999999993161 ) ;
#866 = EDGE_CURVE ( 'NONE', #1894, #519, #1958, .T. ) ;
#867 =( NAMED_UNIT ( * ) PLANE_ANGLE_UNIT ( ) SI_UNIT ( $, .RADIAN. ) );
#868 = FACE_BOUND ( 'NONE', #386, .T. ) ;
#869 = ORIENTED_EDGE ( 'NONE', *, *, #1150, .T. ) ;
#870 = DIRECTION ( 'NONE',  ( -0.000000000000000000, 0.000000000000000000, 1.000000000000000000 ) ) ;
#871 = VERTEX_POINT ( 'NONE', #577 ) ;
#872 = ORIENTED_EDGE ( 'NONE', *, *, #1454, .T. ) ;
#873 = DIRECTION ( 'NONE',  ( 0.3420201433256652157, 0.9396926207859097602, 0.000000000000000000 ) ) ;
#874 = DIRECTION ( 'NONE',  ( 1.000000000000000000, -0.000000000000000000, -0.000000000000000000 ) ) ;
#875 = EDGE_CURVE ( 'NONE', #445, #2319, #573, .T. ) ;
#876 = EDGE_CURVE ( 'NONE', #616, #196, #1772, .T. ) ;
#877 = EDGE_LOOP ( 'NONE', ( #1594, #1122 ) ) ;
#878 = DIRECTION ( 'NONE',  ( -0.9396926207859097602, 0.3420201433256654378, 0.000000000000000000 ) ) ;
#879 = AXIS2_PLACEMENT_3D ( 'NONE', #248, #1432, #873 ) ;
#880 = AXIS2_PLACEMENT_3D ( 'NONE', #1629, #1267, #1046 ) ;
#881 = DIRECTION ( 'NONE',  ( -1.000000000000000000, -0.000000000000000000, -0.000000000000000000 ) ) ;
#882 = AXIS2_PLACEMENT_3D ( 'NONE', #2034, #450, #1023 ) ;
#883 = CARTESIAN_POINT ( 'NONE',  ( 17.30191802527581046, -5.462737792238383072, 44.00000000000000000 ) ) ;
#884 = ORIENTED_EDGE ( 'NONE', *, *, #401, .F. ) ;
#885 = FACE_OUTER_BOUND ( 'NONE', #2548, .T. ) ;
#886 = CARTESIAN_POINT ( 'NONE',  ( 8.000000000000000000, -1.199169847161146496, 0.000000000000000000 ) ) ;
#887 = ORIENTED_EDGE ( 'NONE', *, *, #2438, .F. ) ;
#888 = CARTESIAN_POINT ( 'NONE',  ( 8.000000000000000000, 0.000000000000000000, 8.000000000000000000 ) ) ;
#889 = CARTESIAN_POINT ( 'NONE',  ( 9.705696980020915632, -8.790357186283733526, -4.000000000000000000 ) ) ;
#890 = EDGE_CURVE ( 'NONE', #1362, #1197, #410, .T. ) ;
#891 = ORIENTED_EDGE ( 'NONE', *, *, #875, .T. ) ;
#892 = CARTESIAN_POINT ( 'NONE',  ( 1.000000000000000000, 52.00000000000000711, 0.8249999999999949596 ) ) ;
#893 = EDGE_CURVE ( 'NONE', #1243, #985, #769, .T. ) ;
#894 = CIRCLE ( 'NONE', #425, 2.549999999999993161 ) ;
#895 = CIRCLE ( 'NONE', #2362, 3.999999999999999556 ) ;
#896 = AXIS2_PLACEMENT_3D ( 'NONE', #1795, #2162, #1371 ) ;
#897 = DIRECTION ( 'NONE',  ( -0.9396926207859097602, 0.3420201433256654378, 0.000000000000000000 ) ) ;
#898 = ORIENTED_EDGE ( 'NONE', *, *, #1752, .T. ) ;
#899 = CARTESIAN_POINT ( 'NONE',  ( 11.44999971098181213, -3.997924820275581936, 44.00000000000000000 ) ) ;
#900 = DIRECTION ( 'NONE',  ( 0.000000000000000000, 0.000000000000000000, 1.000000000000000000 ) ) ;
#901 = EDGE_LOOP ( 'NONE', ( #813, #2306 ) ) ;
#902 = CARTESIAN_POINT ( 'NONE',  ( 8.000000000000000000, 92.00000000000000000, 28.00000000000000000 ) ) ;
#903 = EDGE_CURVE ( 'NONE', #2422, #834, #1153, .T. ) ;
#904 = ORIENTED_EDGE ( 'NONE', *, *, #117, .T. ) ;
#905 = CARTESIAN_POINT ( 'NONE',  ( 8.000000000000000000, 4.000000000000000000, 7.175000000000005151 ) ) ;
#906 = CARTESIAN_POINT ( 'NONE',  ( 7.000000000000000000, 4.000000000000000000, 6.550000000000000711 ) ) ;
#907 = ORIENTED_EDGE ( 'NONE', *, *, #2443, .F. ) ;
#908 = DIRECTION ( 'NONE',  ( 0.9396926207859096492, -0.3420201433256653822, 0.000000000000000000 ) ) ;
#909 = ORIENTED_EDGE ( 'NONE', *, *, #788, .F. ) ;
#910 = CARTESIAN_POINT ( 'NONE',  ( 1.000000000000000000, 36.00000000000000711, 4.000000000000000000 ) ) ;
#911 = EDGE_LOOP ( 'NONE', ( #1448, #392 ) ) ;
#912 = CARTESIAN_POINT ( 'NONE',  ( 8.000000000000000000, -1.199169847161146496, 44.00000000000000000 ) ) ;
#913 = ORIENTED_EDGE ( 'NONE', *, *, #1858, .T. ) ;
#914 = CARTESIAN_POINT ( 'NONE',  ( 1.000000000000000000, 4.000000000000000000, 0.8249999999999949596 ) ) ;
#915 = LINE ( 'NONE', #1138, #1348 ) ;
#916 = VECTOR ( 'NONE', #144, 1000.000000000000000 ) ;
#917 = VECTOR ( 'NONE', #1212, 1000.000000000000000 ) ;
#918 = EDGE_CURVE ( 'NONE', #2319, #445, #2474, .T. ) ;
#919 = VECTOR ( 'NONE', #1453, 1000.000000000000000 ) ;
#920 = CIRCLE ( 'NONE', #1177, 4.000000000000000000 ) ;
#921 = DIRECTION ( 'NONE',  ( -0.3420201433256657153, -0.9396926207859096492, 0.000000000000000000 ) ) ;
#922 = ADVANCED_FACE ( 'NONE', ( #1016 ), #2195, .F. ) ;
#923 = CIRCLE ( 'NONE', #326, 3.175000000000011369 ) ;
#924 = DIRECTION ( 'NONE',  ( -1.000000000000000000, -0.000000000000000000, -0.000000000000000000 ) ) ;
#925 = ORIENTED_EDGE ( 'NONE', *, *, #206, .F. ) ;
#926 = ORIENTED_EDGE ( 'NONE', *, *, #1042, .T. ) ;
#927 = CARTESIAN_POINT ( 'NONE',  ( 8.000000000000000000, 92.00000000000001421, 28.00000000000000000 ) ) ;
#928 = ORIENTED_EDGE ( 'NONE', *, *, #429, .F. ) ;
#929 = DIRECTION ( 'NONE',  ( 1.000000000000000000, -0.000000000000000000, 0.000000000000000000 ) ) ;
#930 = CYLINDRICAL_SURFACE ( 'NONE', #635, 3.175000000000005151 ) ;
#931 = LINE ( 'NONE', #1897, #2259 ) ;
#932 = ADVANCED_FACE ( 'NONE', ( #2603 ), #395, .F. ) ;
#933 = CIRCLE ( 'NONE', #1902, 3.999999999999999556 ) ;
#934 = ORIENTED_EDGE ( 'NONE', *, *, #137, .F. ) ;
#935 = VECTOR ( 'NONE', #1553, 1000.000000000000000 ) ;
#936 = AXIS2_PLACEMENT_3D ( 'NONE', #42, #1032, #851 ) ;
#937 = ADVANCED_FACE ( 'NONE', ( #2168 ), #1576, .F. ) ;
#938 = CARTESIAN_POINT ( 'NONE',  ( 7.000000000000000000, 52.00000000000000711, 1.449999999999994182 ) ) ;
#939 = CIRCLE ( 'NONE', #2241, 3.175000000000005151 ) ;
#940 = DIRECTION ( 'NONE',  ( 0.000000000000000000, 0.000000000000000000, 1.000000000000000000 ) ) ;
#941 = CARTESIAN_POINT ( 'NONE',  ( 1.000000000000000000, 52.00000000000000711, 4.000000000000000000 ) ) ;
#942 = ORIENTED_EDGE ( 'NONE', *, *, #625, .F. ) ;
#943 = PLANE ( 'NONE',  #427 ) ;
#944 = ORIENTED_EDGE ( 'NONE', *, *, #2053, .T. ) ;
#945 = CARTESIAN_POINT ( 'NONE',  ( 8.000000000000000000, 4.000000000000000000, 0.8249999999999949596 ) ) ;
#946 = CARTESIAN_POINT ( 'NONE',  ( 16.21600407021682599, -8.446261863233651468, -4.000000000000000000 ) ) ;
#947 =( NAMED_UNIT ( * ) SI_UNIT ( $, .STERADIAN. ) SOLID_ANGLE_UNIT ( ) );
#948 = ORIENTED_EDGE ( 'NONE', *, *, #1011, .T. ) ;
#949 = FACE_BOUND ( 'NONE', #2305, .T. ) ;
#950 = CARTESIAN_POINT ( 'NONE',  ( 8.000000000000000000, 36.00000000000000711, 6.549999999999998934 ) ) ;
#951 = DIRECTION ( 'NONE',  ( 0.000000000000000000, 0.000000000000000000, 1.000000000000000000 ) ) ;
#952 = ORIENTED_EDGE ( 'NONE', *, *, #846, .T. ) ;
#953 = DIRECTION ( 'NONE',  ( 0.9396926207859098712, -0.3420201433256648826, -0.000000000000000000 ) ) ;
#954 = ADVANCED_FACE ( 'NONE', ( #1970 ), #384, .F. ) ;
#955 = ORIENTED_EDGE ( 'NONE', *, *, #1336, .F. ) ;
#956 = DIRECTION ( 'NONE',  ( 0.000000000000000000, 0.000000000000000000, -1.000000000000000000 ) ) ;
#957 = EDGE_CURVE ( 'NONE', #519, #9, #1334, .T. ) ;
#958 = LINE ( 'NONE', #1920, #6 ) ;
#959 = EDGE_CURVE ( 'NONE', #363, #17, #1816, .T. ) ;
#960 = CARTESIAN_POINT ( 'NONE',  ( 10.57784834550136566, -6.394141003279650626, 44.00000000000000000 ) ) ;
#961 = CYLINDRICAL_SURFACE ( 'NONE', #2409, 2.550000000000005596 ) ;
#962 = ORIENTED_EDGE ( 'NONE', *, *, #403, .T. ) ;
#963 = CARTESIAN_POINT ( 'NONE',  ( 15.78761611770007001, -12.54705248970295273, 0.000000000000000000 ) ) ;
#964 = AXIS2_PLACEMENT_3D ( 'NONE', #1226, #2442, #2043 ) ;
#965 = VECTOR ( 'NONE', #2576, 1000.000000000000000 ) ;
#966 = CARTESIAN_POINT ( 'NONE',  ( 1.000000000000000000, 75.99999999999998579, 28.00000000000000000 ) ) ;
#967 = CIRCLE ( 'NONE', #2439, 3.175000000000001599 ) ;
#968 = VECTOR ( 'NONE', #342, 1000.000000000000000 ) ;
#969 = CARTESIAN_POINT ( 'NONE',  ( 9.638155724715456785, -6.052120859953984855, 44.00000000000000000 ) ) ;
#970 = ORIENTED_EDGE ( 'NONE', *, *, #23, .F. ) ;
#971 = CARTESIAN_POINT ( 'NONE',  ( 8.000000000000000000, 68.00000000000000000, 28.00000000000000000 ) ) ;
#972 = CIRCLE ( 'NONE', #1513, 4.000000000000000888 ) ;
#973 = ORIENTED_EDGE ( 'NONE', *, *, #1652, .T. ) ;
#974 = CARTESIAN_POINT ( 'NONE',  ( 7.000000000000000000, 4.000000000000000000, 4.000000000000000000 ) ) ;
#975 = ORIENTED_EDGE ( 'NONE', *, *, #1502, .T. ) ;
#976 = DIRECTION ( 'NONE',  ( -1.000000000000000000, 0.000000000000000000, 0.000000000000000000 ) ) ;
#977 = CARTESIAN_POINT ( 'NONE',  ( 7.000000000000000000, 92.00000000000000000, 28.00000000000000000 ) ) ;
#978 = ORIENTED_EDGE ( 'NONE', *, *, #1666, .F. ) ;
#979 = ADVANCED_FACE ( 'NONE', ( #1788 ), #2421, .F. ) ;
#980 = DIRECTION ( 'NONE',  ( -1.000000000000000000, 0.000000000000000000, 0.000000000000000000 ) ) ;
#981 = CIRCLE ( 'NONE', #1942, 2.549999999999993161 ) ;
#982 = DIRECTION ( 'NONE',  ( 1.000000000000000000, 0.000000000000000000, -0.000000000000000000 ) ) ;
#983 = CIRCLE ( 'NONE', #589, 3.174999999999997602 ) ;
#984 = CARTESIAN_POINT ( 'NONE',  ( 16.06978273594374684, -11.77180607755458119, -4.000000000000000000 ) ) ;
#985 = VERTEX_POINT ( 'NONE', #2457 ) ;
#986 = FACE_OUTER_BOUND ( 'NONE', #1063, .T. ) ;
#987 = VERTEX_POINT ( 'NONE', #65 ) ;
#988 = DIRECTION ( 'NONE',  ( 0.000000000000000000, 1.000000000000000000, -1.445602896647338917E-16 ) ) ;
#989 = EDGE_LOOP ( 'NONE', ( #898, #2589 ) ) ;
#990 = EDGE_CURVE ( 'NONE', #1416, #1940, #321, .T. ) ;
#991 = DIRECTION ( 'NONE',  ( 0.9396926207859098712, -0.3420201433256648826, 0.000000000000000000 ) ) ;
#992 = DIRECTION ( 'NONE',  ( 0.000000000000000000, 0.000000000000000000, 1.000000000000000000 ) ) ;
#993 = ORIENTED_EDGE ( 'NONE', *, *, #726, .F. ) ;
#994 = ADVANCED_FACE ( 'NONE', ( #2466 ), #1030, .T. ) ;
#995 = EDGE_CURVE ( 'NONE', #314, #2459, #1012, .T. ) ;
#996 = FACE_OUTER_BOUND ( 'NONE', #210, .T. ) ;
#997 = CARTESIAN_POINT ( 'NONE',  ( 8.000000000000000000, 75.99999999999998579, 25.45000000000000639 ) ) ;
#998 = EDGE_LOOP ( 'NONE', ( #506, #2572, #1997, #1 ) ) ;
#999 = CARTESIAN_POINT ( 'NONE',  ( 1.000000000000000000, 52.00000000000000711, 4.000000000000000000 ) ) ;
#1000 = VERTEX_POINT ( 'NONE', #645 ) ;
#1001 = CARTESIAN_POINT ( 'NONE',  ( 4.000000000000000000, -4.000000000000000000, 8.000000000000000000 ) ) ;
#1002 = ORIENTED_EDGE ( 'NONE', *, *, #1277, .T. ) ;
#1003 = DIRECTION ( 'NONE',  ( -0.9396926207859095381, 0.3420201433256657153, -0.000000000000000000 ) ) ;
#1004 = CYLINDRICAL_SURFACE ( 'NONE', #252, 2.550000000000001599 ) ;
#1005 = VERTEX_POINT ( 'NONE', #2063 ) ;
#1006 = ORIENTED_EDGE ( 'NONE', *, *, #446, .F. ) ;
#1007 = EDGE_CURVE ( 'NONE', #1493, #1149, #618, .T. ) ;
#1008 = CARTESIAN_POINT ( 'NONE',  ( 1.000000000000000000, 36.00000000000000711, 4.000000000000000000 ) ) ;
#1009 = FACE_OUTER_BOUND ( 'NONE', #273, .T. ) ;
#1010 = ORIENTED_EDGE ( 'NONE', *, *, #2468, .T. ) ;
#1011 = EDGE_CURVE ( 'NONE', #1894, #1610, #1295, .T. ) ;
#1012 = CIRCLE ( 'NONE', #1759, 3.175000000000005151 ) ;
#1013 = FACE_OUTER_BOUND ( 'NONE', #1852, .T. ) ;
#1014 = ORIENTED_EDGE ( 'NONE', *, *, #815, .F. ) ;
#1015 = AXIS2_PLACEMENT_3D ( 'NONE', #2499, #302, #713 ) ;
#1016 = FACE_OUTER_BOUND ( 'NONE', #1620, .T. ) ;
#1017 = EDGE_LOOP ( 'NONE', ( #213, #643, #330, #746 ) ) ;
#1018 = CARTESIAN_POINT ( 'NONE',  ( 17.15569669100273131, -8.788282006559313686, -4.000000000000000000 ) ) ;
#1019 = AXIS2_PLACEMENT_3D ( 'NONE', #1175, #2570, #1571 ) ;
#1020 = CARTESIAN_POINT ( 'NONE',  ( 4.511304668269154661, -8.442810769794959924, 12.00000000000000000 ) ) ;
#1021 = ORIENTED_EDGE ( 'NONE', *, *, #876, .T. ) ;
#1022 = EDGE_CURVE ( 'NONE', #498, #291, #262, .T. ) ;
#1023 = DIRECTION ( 'NONE',  ( 0.000000000000000000, 0.000000000000000000, 1.000000000000000000 ) ) ;
#1024 = DIRECTION ( 'NONE',  ( -0.9396926207859096492, 0.3420201433256653822, -0.000000000000000000 ) ) ;
#1025 = AXIS2_PLACEMENT_3D ( 'NONE', #1932, #293, #2155 ) ;
#1026 = FACE_OUTER_BOUND ( 'NONE', #1360, .T. ) ;
#1027 = AXIS2_PLACEMENT_3D ( 'NONE', #679, #1882, #2119 ) ;
#1028 = CIRCLE ( 'NONE', #590, 2.549999999999993161 ) ;
#1029 = ORIENTED_EDGE ( 'NONE', *, *, #843, .T. ) ;
#1030 = CYLINDRICAL_SURFACE ( 'NONE', #2138, 4.000000000000000000 ) ;
#1031 = ORIENTED_EDGE ( 'NONE', *, *, #2438, .T. ) ;
#1032 = DIRECTION ( 'NONE',  ( 0.9396926207859095381, -0.3420201433256653822, -0.000000000000000000 ) ) ;
#1033 = VERTEX_POINT ( 'NONE', #1073 ) ;
#1034 = FACE_OUTER_BOUND ( 'NONE', #261, .T. ) ;
#1035 = DIRECTION ( 'NONE',  ( -0.3420201433256653822, -0.9396926207859095381, 0.000000000000000000 ) ) ;
#1036 = CARTESIAN_POINT ( 'NONE',  ( 1.000000000000000000, 4.000000000000000000, 4.000000000000000000 ) ) ;
#1037 = CARTESIAN_POINT ( 'NONE',  ( 9.638155724715460337, -6.052120859953991072, 44.00000000000000000 ) ) ;
#1038 = ORIENTED_EDGE ( 'NONE', *, *, #151, .F. ) ;
#1039 = DIRECTION ( 'NONE',  ( -1.000000000000000000, 0.000000000000000000, 0.000000000000000000 ) ) ;
#1040 = DIRECTION ( 'NONE',  ( 1.000000000000000000, 0.000000000000000000, 0.000000000000000000 ) ) ;
#1041 = ORIENTED_EDGE ( 'NONE', *, *, #1148, .T. ) ;
#1042 = EDGE_CURVE ( 'NONE', #2301, #1005, #153, .T. ) ;
#1043 = EDGE_CURVE ( 'NONE', #1005, #2301, #1641, .T. ) ;
#1044 = CARTESIAN_POINT ( 'NONE',  ( 16.21600407021682599, -8.446261863233651468, -4.000000000000000000 ) ) ;
#1045 = DIRECTION ( 'NONE',  ( 1.000000000000000000, 0.000000000000000000, 0.000000000000000000 ) ) ;
#1046 = DIRECTION ( 'NONE',  ( 0.3420201433256646606, 0.9396926207859097602, 0.000000000000000000 ) ) ;
#1047 = ORIENTED_EDGE ( 'NONE', *, *, #598, .F. ) ;
#1048 = DIRECTION ( 'NONE',  ( 0.000000000000000000, 0.000000000000000000, 1.000000000000000000 ) ) ;
#1049 = CIRCLE ( 'NONE', #2519, 3.175000000000011369 ) ;
#1050 = FACE_OUTER_BOUND ( 'NONE', #1693, .T. ) ;
#1051 = EDGE_CURVE ( 'NONE', #2422, #707, #2559, .T. ) ;
#1052 = VECTOR ( 'NONE', #870, 1000.000000000000000 ) ;
#1053 = VERTEX_POINT ( 'NONE', #862 ) ;
#1054 = CARTESIAN_POINT ( 'NONE',  ( 10.57784834550136388, -6.394141003279658619, -4.000000000000000000 ) ) ;
#1055 = DIRECTION ( 'NONE',  ( 1.000000000000000000, 0.000000000000000000, 0.000000000000000000 ) ) ;
#1056 = DIRECTION ( 'NONE',  ( -0.9396926207859094271, 0.3420201433256657153, 8.673617379884033500E-16 ) ) ;
#1057 = DIRECTION ( 'NONE',  ( 0.9396926207859098712, -0.3420201433256648826, 0.000000000000000000 ) ) ;
#1058 = ORIENTED_EDGE ( 'NONE', *, *, #1723, .F. ) ;
#1059 = VECTOR ( 'NONE', #524, 1000.000000000000000 ) ;
#1060 = CARTESIAN_POINT ( 'NONE',  ( 7.000000000000000000, 36.00000000000000711, 4.000000000000000000 ) ) ;
#1061 = CARTESIAN_POINT ( 'NONE',  ( 8.000000000000000000, 72.00000000000001421, 0.000000000000000000 ) ) ;
#1062 = CIRCLE ( 'NONE', #672, 3.175000000000005151 ) ;
#1063 = EDGE_LOOP ( 'NONE', ( #264, #1662, #1080, #1531 ) ) ;
#1064 = VECTOR ( 'NONE', #1068, 1000.000000000000000 ) ;
#1065 = CARTESIAN_POINT ( 'NONE',  ( 8.000000000000000000, 75.99999999999998579, 28.00000000000000000 ) ) ;
#1066 = EDGE_CURVE ( 'NONE', #1736, #2311, #488, .T. ) ;
#1067 = FACE_OUTER_BOUND ( 'NONE', #877, .T. ) ;
#1068 = DIRECTION ( 'NONE',  ( -1.000000000000000000, -0.000000000000000000, -0.000000000000000000 ) ) ;
#1069 = ORIENTED_EDGE ( 'NONE', *, *, #234, .F. ) ;
#1070 = ADVANCED_FACE ( 'NONE', ( #1670 ), #421, .F. ) ;
#1071 = DIRECTION ( 'NONE',  ( 0.9396926207859098712, -0.3420201433256648826, -0.000000000000000000 ) ) ;
#1072 = VERTEX_POINT ( 'NONE', #457 ) ;
#1073 = CARTESIAN_POINT ( 'NONE',  ( 18.24161064606172289, -5.804757935564048843, 44.00000000000000000 ) ) ;
#1074 = FACE_OUTER_BOUND ( 'NONE', #1573, .T. ) ;
#1075 = EDGE_LOOP ( 'NONE', ( #884, #698, #2555, #2061 ) ) ;
#1076 = PLANE ( 'NONE',  #2276 ) ;
#1077 = DIRECTION ( 'NONE',  ( 0.000000000000000000, 0.000000000000000000, -1.000000000000000000 ) ) ;
#1078 = DIRECTION ( 'NONE',  ( 1.000000000000000000, 0.000000000000000000, 0.000000000000000000 ) ) ;
#1079 = EDGE_CURVE ( 'NONE', #1708, #1000, #744, .T. ) ;
#1080 = ORIENTED_EDGE ( 'NONE', *, *, #2213, .T. ) ;
#1081 = FACE_BOUND ( 'NONE', #4, .T. ) ;
#1082 = EDGE_LOOP ( 'NONE', ( #1971, #1110, #60, #1792 ) ) ;
#1083 = EDGE_CURVE ( 'NONE', #1761, #1577, #2448, .T. ) ;
#1084 = EDGE_LOOP ( 'NONE', ( #1374, #259, #2137, #406 ) ) ;
#1085 = DIRECTION ( 'NONE',  ( -0.3420201433256653822, -0.9396926207859095381, 0.000000000000000000 ) ) ;
#1086 = CARTESIAN_POINT ( 'NONE',  ( 7.000000000000000000, 92.00000000000000000, 25.45000000000000639 ) ) ;
#1087 = ORIENTED_EDGE ( 'NONE', *, *, #665, .T. ) ;
#1088 = LINE ( 'NONE', #57, #2452 ) ;
#1089 = UNCERTAINTY_MEASURE_WITH_UNIT (LENGTH_MEASURE( 1.000000000000000082E-05 ), #133, 'distance_accuracy_value', 'NONE');
#1090 = AXIS2_PLACEMENT_3D ( 'NONE', #1480, #1235, #1270 ) ;
#1091 = CARTESIAN_POINT ( 'NONE',  ( 7.000000000000000000, 52.00000000000000711, 7.175000000000005151 ) ) ;
#1092 = AXIS2_PLACEMENT_3D ( 'NONE', #285, #2531, #2096 ) ;
#1093 = DIRECTION ( 'NONE',  ( -0.3420201433256654378, -0.9396926207859096492, 0.000000000000000000 ) ) ;
#1094 = EDGE_LOOP ( 'NONE', ( #359, #2513, #1195, #375 ) ) ;
#1095 = EDGE_CURVE ( 'NONE', #2011, #2073, #225, .T. ) ;
#1096 = DIRECTION ( 'NONE',  ( 0.3420201433256648271, 0.9396926207859097602, 0.000000000000000000 ) ) ;
#1097 = ORIENTED_EDGE ( 'NONE', *, *, #2065, .T. ) ;
#1098 = LINE ( 'NONE', #1521, #2102 ) ;
#1099 = EDGE_LOOP ( 'NONE', ( #2182, #2278, #2103, #2361, #1796 ) ) ;
#1100 = DIRECTION ( 'NONE',  ( -0.000000000000000000, 1.000000000000000000, 5.782411586589356653E-16 ) ) ;
#1101 = AXIS2_PLACEMENT_3D ( 'NONE', #2538, #1959, #2298 ) ;
#1102 = CARTESIAN_POINT ( 'NONE',  ( 0.000000000000000000, 52.00000000000000711, 4.000000000000000000 ) ) ;
#1103 = AXIS2_PLACEMENT_3D ( 'NONE', #1702, #897, #1911 ) ;
#1104 = CIRCLE ( 'NONE', #1236, 2.550000000000005596 ) ;
#1105 = CARTESIAN_POINT ( 'NONE',  ( 8.000000000000000000, -1.199169847161146496, 8.080985957373449935 ) ) ;
#1106 = EDGE_LOOP ( 'NONE', ( #774, #2167, #1087, #1901 ) ) ;
#1107 = CARTESIAN_POINT ( 'NONE',  ( 7.000000000000000000, 75.99999999999998579, 28.00000000000000000 ) ) ;
#1108 = EDGE_LOOP ( 'NONE', ( #693, #1875, #1455, #1358, #1804 ) ) ;
#1109 = DIRECTION ( 'NONE',  ( -1.000000000000000000, -0.000000000000000000, -0.000000000000000000 ) ) ;
#1110 = ORIENTED_EDGE ( 'NONE', *, *, #1841, .T. ) ;
#1111 = CARTESIAN_POINT ( 'NONE',  ( 16.21600407021682599, -8.446261863233651468, -4.000000000000000000 ) ) ;
#1112 = ADVANCED_FACE ( 'NONE', ( #212 ), #1831, .F. ) ;
#1113 = CARTESIAN_POINT ( 'NONE',  ( 17.15569669100272776, -8.788282006559313686, -4.000000000000000000 ) ) ;
#1114 = ADVANCED_FACE ( 'NONE', ( #1631 ), #434, .T. ) ;
#1115 = EDGE_CURVE ( 'NONE', #1000, #1708, #1847, .T. ) ;
#1116 = VECTOR ( 'NONE', #1994, 1000.000000000000114 ) ;
#1117 = CARTESIAN_POINT ( 'NONE',  ( 9.491934390442381186, -9.377665074274910140, 44.00000000000000000 ) ) ;
#1118 = DIRECTION ( 'NONE',  ( 1.000000000000000000, -0.000000000000000000, -0.000000000000000000 ) ) ;
#1119 = ORIENTED_EDGE ( 'NONE', *, *, #1835, .T. ) ;
#1120 = ORIENTED_EDGE ( 'NONE', *, *, #1805, .T. ) ;
#1121 = CARTESIAN_POINT ( 'NONE',  ( 1.000000000000000000, 36.00000000000000711, 7.175000000000005151 ) ) ;
#1122 = ORIENTED_EDGE ( 'NONE', *, *, #1275, .T. ) ;
#1123 = DIRECTION ( 'NONE',  ( 1.000000000000000000, 0.000000000000000000, 0.000000000000000000 ) ) ;
#1124 = ADVANCED_FACE ( 'NONE', ( #471, #685 ), #1283, .T. ) ;
#1125 = CARTESIAN_POINT ( 'NONE',  ( 4.511304668269152884, -8.442810769794965253, 0.000000000000000000 ) ) ;
#1126 = VERTEX_POINT ( 'NONE', #1888 ) ;
#1127 = VECTOR ( 'NONE', #988, 1000.000000000000000 ) ;
#1128 = AXIS2_PLACEMENT_3D ( 'NONE', #112, #1307, #1890 ) ;
#1129 = VECTOR ( 'NONE', #1296, 1000.000000000000000 ) ;
#1130 = DIRECTION ( 'NONE',  ( 0.000000000000000000, 0.000000000000000000, -1.000000000000000000 ) ) ;
#1131 = VECTOR ( 'NONE', #1794, 1000.000000000000000 ) ;
#1132 = CYLINDRICAL_SURFACE ( 'NONE', #1647, 2.549999999999993161 ) ;
#1133 = LINE ( 'NONE', #1192, #1446 ) ;
#1134 = ORIENTED_EDGE ( 'NONE', *, *, #507, .T. ) ;
#1135 = PLANE ( 'NONE',  #85 ) ;
#1136 = EDGE_LOOP ( 'NONE', ( #605, #1921, #1349, #2602 ) ) ;
#1137 = DIRECTION ( 'NONE',  ( -0.9396926207859096492, 0.3420201433256654378, 0.000000000000000000 ) ) ;
#1138 = CARTESIAN_POINT ( 'NONE',  ( 8.270075151412791925, -9.810891343097621231, -4.000000000000000000 ) ) ;
#1139 = DIRECTION ( 'NONE',  ( -1.000000000000000000, -0.000000000000000000, -0.000000000000000000 ) ) ;
#1140 = EDGE_CURVE ( 'NONE', #2351, #270, #77, .T. ) ;
#1141 = CIRCLE ( 'NONE', #1478, 3.174999999999997602 ) ;
#1142 = ORIENTED_EDGE ( 'NONE', *, *, #1655, .T. ) ;
#1143 = AXIS2_PLACEMENT_3D ( 'NONE', #1036, #1839, #1615 ) ;
#1144 = CARTESIAN_POINT ( 'NONE',  ( 8.000000000000000000, 92.00000000000000000, 28.00000000000000000 ) ) ;
#1145 = AXIS2_PLACEMENT_3D ( 'NONE', #2383, #2428, #614 ) ;
#1146 = CARTESIAN_POINT ( 'NONE',  ( 7.000000000000000000, 36.00000000000000711, 6.549999999999998934 ) ) ;
#1147 = CARTESIAN_POINT ( 'NONE',  ( 10.72406967977444125, -3.068596788958732446, -4.000000000000000000 ) ) ;
#1148 = EDGE_CURVE ( 'NONE', #1534, #2151, #1049, .T. ) ;
#1149 = VERTEX_POINT ( 'NONE', #1565 ) ;
#1150 = EDGE_CURVE ( 'NONE', #270, #341, #2172, .T. ) ;
#1151 = DIRECTION ( 'NONE',  ( 1.000000000000000000, -0.000000000000000000, 0.000000000000000000 ) ) ;
#1152 = EDGE_LOOP ( 'NONE', ( #2533, #1712 ) ) ;
#1153 = LINE ( 'NONE', #195, #1255 ) ;
#1154 = DIRECTION ( 'NONE',  ( -0.3420201433256657153, -0.9396926207859095381, 0.000000000000000000 ) ) ;
#1155 = FACE_OUTER_BOUND ( 'NONE', #2420, .T. ) ;
#1156 = DIRECTION ( 'NONE',  ( -0.9396926207859095381, 0.3420201433256658263, 1.734723475976807292E-15 ) ) ;
#1157 = ORIENTED_EDGE ( 'NONE', *, *, #585, .T. ) ;
#1158 = EDGE_LOOP ( 'NONE', ( #559, #1635, #619, #89 ) ) ;
#1159 = DIRECTION ( 'NONE',  ( -1.000000000000000000, -0.000000000000000000, -0.000000000000000000 ) ) ;
#1160 = DIRECTION ( 'NONE',  ( 1.000000000000000000, 0.000000000000000000, 0.000000000000000000 ) ) ;
#1161 = DIRECTION ( 'NONE',  ( 0.000000000000000000, 0.000000000000000000, 1.000000000000000000 ) ) ;
#1162 = EDGE_CURVE ( 'NONE', #834, #1906, #108, .T. ) ;
#1163 = VERTEX_POINT ( 'NONE', #2015 ) ;
#1164 = CARTESIAN_POINT ( 'NONE',  ( -8.673617379884035472E-16, -4.000000000000000000, 0.000000000000000000 ) ) ;
#1165 = EDGE_CURVE ( 'NONE', #1318, #768, #981, .T. ) ;
#1166 = ORIENTED_EDGE ( 'NONE', *, *, #1458, .T. ) ;
#1167 = DIRECTION ( 'NONE',  ( 0.000000000000000000, 0.000000000000000000, 1.000000000000000000 ) ) ;
#1168 = ORIENTED_EDGE ( 'NONE', *, *, #2299, .T. ) ;
#1169 = CARTESIAN_POINT ( 'NONE',  ( 8.000000000000000000, 68.00000000000000000, 4.000000000000000000 ) ) ;
#1170 = DIRECTION ( 'NONE',  ( -1.000000000000000000, 0.000000000000000000, -0.000000000000000000 ) ) ;
#1171 = EDGE_LOOP ( 'NONE', ( #1119, #1213 ) ) ;
#1172 = FACE_OUTER_BOUND ( 'NONE', #301, .T. ) ;
#1173 = PRODUCT_DEFINITION_FORMATION_WITH_SPECIFIED_SOURCE ( 'ANY', '', #572, .NOT_KNOWN. ) ;
#1174 = AXIS2_PLACEMENT_3D ( 'NONE', #236, #1854, #850 ) ;
#1175 = CARTESIAN_POINT ( 'NONE',  ( 10.57784834550136566, -6.394141003279650626, 44.00000000000000000 ) ) ;
#1176 = CIRCLE ( 'NONE', #2477, 4.000000000000000000 ) ;
#1177 = AXIS2_PLACEMENT_3D ( 'NONE', #1523, #929, #304 ) ;
#1178 = CARTESIAN_POINT ( 'NONE',  ( 1.000000000000000000, 75.99999999999998579, 24.82499999999998863 ) ) ;
#1179 = EDGE_CURVE ( 'NONE', #1197, #765, #374, .T. ) ;
#1180 = ORIENTED_EDGE ( 'NONE', *, *, #2052, .T. ) ;
#1181 = CIRCLE ( 'NONE', #2612, 2.550000000000002931 ) ;
#1182 = CARTESIAN_POINT ( 'NONE',  ( 7.000000000000000000, 75.99999999999998579, 31.17500000000001137 ) ) ;
#1183 = ORIENTED_EDGE ( 'NONE', *, *, #1148, .F. ) ;
#1184 = DIRECTION ( 'NONE',  ( 1.000000000000000000, 0.000000000000000000, 0.000000000000000000 ) ) ;
#1185 = ORIENTED_EDGE ( 'NONE', *, *, #176, .T. ) ;
#1186 = LINE ( 'NONE', #2363, #120 ) ;
#1187 = DIRECTION ( 'NONE',  ( 1.000000000000000000, 0.000000000000000000, 0.000000000000000000 ) ) ;
#1188 = VERTEX_POINT ( 'NONE', #566 ) ;
#1189 = EDGE_CURVE ( 'NONE', #1943, #2376, #1819, .T. ) ;
#1190 = CIRCLE ( 'NONE', #542, 4.000000000000000000 ) ;
#1191 = CARTESIAN_POINT ( 'NONE',  ( 17.30191802527581046, -5.462737792238386625, -4.000000000000000000 ) ) ;
#1192 = CARTESIAN_POINT ( 'NONE',  ( 0.000000000000000000, 96.00000000000001421, 28.00000000000000000 ) ) ;
#1193 = ORIENTED_EDGE ( 'NONE', *, *, #1476, .T. ) ;
#1194 = DIRECTION ( 'NONE',  ( 0.000000000000000000, 0.000000000000000000, 1.000000000000000000 ) ) ;
#1195 = ORIENTED_EDGE ( 'NONE', *, *, #2053, .F. ) ;
#1196 = DIRECTION ( 'NONE',  ( 1.000000000000000000, 0.000000000000000000, 0.000000000000000000 ) ) ;
#1197 = VERTEX_POINT ( 'NONE', #7 ) ;
#1198 = DIRECTION ( 'NONE',  ( -1.000000000000000000, -0.000000000000000000, -0.000000000000000000 ) ) ;
#1199 = CARTESIAN_POINT ( 'NONE',  ( 7.000000000000000000, 36.00000000000000711, 4.000000000000000000 ) ) ;
#1200 = ORIENTED_EDGE ( 'NONE', *, *, #2380, .T. ) ;
#1201 = ADVANCED_FACE ( 'NONE', ( #345 ), #816, .F. ) ;
#1202 = EDGE_CURVE ( 'NONE', #2587, #2270, #760, .T. ) ;
#1203 = DIRECTION ( 'NONE',  ( 0.000000000000000000, 0.000000000000000000, 1.000000000000000000 ) ) ;
#1204 = FACE_BOUND ( 'NONE', #738, .T. ) ;
#1205 = EDGE_LOOP ( 'NONE', ( #2115, #2244, #192, #2028 ) ) ;
#1206 = CARTESIAN_POINT ( 'NONE',  ( 16.21600407021682955, -8.446261863233644362, 44.00000000000000000 ) ) ;
#1207 = ORIENTED_EDGE ( 'NONE', *, *, #1829, .T. ) ;
#1208 = DIRECTION ( 'NONE',  ( 0.000000000000000000, 0.000000000000000000, 1.000000000000000000 ) ) ;
#1209 = ORIENTED_EDGE ( 'NONE', *, *, #1793, .T. ) ;
#1210 = EDGE_CURVE ( 'NONE', #2151, #2205, #608, .T. ) ;
#1211 = DIRECTION ( 'NONE',  ( 0.3420201433256644941, 0.9396926207859097602, 0.000000000000000000 ) ) ;
#1212 = DIRECTION ( 'NONE',  ( 0.000000000000000000, 1.000000000000000000, 0.000000000000000000 ) ) ;
#1213 = ORIENTED_EDGE ( 'NONE', *, *, #722, .T. ) ;
#1214 = EDGE_CURVE ( 'NONE', #1883, #436, #933, .T. ) ;
#1215 = CARTESIAN_POINT ( 'NONE',  ( 15.78761611770007001, -12.54705248970295273, 44.00000000000000000 ) ) ;
#1216 = DIRECTION ( 'NONE',  ( 1.000000000000000000, 0.000000000000000000, 0.000000000000000000 ) ) ;
#1217 = AXIS2_PLACEMENT_3D ( 'NONE', #550, #1987, #1605 ) ;
#1218 = DIRECTION ( 'NONE',  ( -1.000000000000000000, 0.000000000000000000, 0.000000000000000000 ) ) ;
#1219 = ORIENTED_EDGE ( 'NONE', *, *, #2500, .T. ) ;
#1220 = CIRCLE ( 'NONE', #2229, 3.175000000000001599 ) ;
#1221 = DIRECTION ( 'NONE',  ( -0.3420201433256652157, -0.9396926207859096492, 0.000000000000000000 ) ) ;
#1222 = ORIENTED_EDGE ( 'NONE', *, *, #1043, .T. ) ;
#1223 = LINE ( 'NONE', #2580, #1777 ) ;
#1224 = ORIENTED_EDGE ( 'NONE', *, *, #72, .T. ) ;
#1225 = FACE_OUTER_BOUND ( 'NONE', #460, .T. ) ;
#1226 = CARTESIAN_POINT ( 'NONE',  ( 8.000000000000000000, 52.00000000000000711, 4.000000000000000000 ) ) ;
#1227 = ADVANCED_FACE ( 'NONE', ( #1961 ), #961, .F. ) ;
#1228 = DIRECTION ( 'NONE',  ( 0.000000000000000000, 0.000000000000000000, 1.000000000000000000 ) ) ;
#1229 = CIRCLE ( 'NONE', #82, 4.000000000000000000 ) ;
#1230 = DIRECTION ( 'NONE',  ( 0.9396926207859097602, -0.3420201433256648271, -0.000000000000000000 ) ) ;
#1231 = AXIS2_PLACEMENT_3D ( 'NONE', #467, #1489, #148 ) ;
#1232 = VECTOR ( 'NONE', #1293, 1000.000000000000227 ) ;
#1233 = EDGE_LOOP ( 'NONE', ( #794, #1580 ) ) ;
#1234 = EDGE_CURVE ( 'NONE', #436, #2376, #174, .T. ) ;
#1235 = DIRECTION ( 'NONE',  ( -1.000000000000000000, -0.000000000000000000, -0.000000000000000000 ) ) ;
#1236 = AXIS2_PLACEMENT_3D ( 'NONE', #941, #763, #2544 ) ;
#1237 = CARTESIAN_POINT ( 'NONE',  ( 7.000000000000000000, 52.00000000000000711, 4.000000000000000000 ) ) ;
#1238 = EDGE_LOOP ( 'NONE', ( #736, #752, #1967, #1727 ) ) ;
#1239 = SURFACE_SIDE_STYLE ('',( #461 ) ) ;
#1240 = LINE ( 'NONE', #1411, #842 ) ;
#1241 = CYLINDRICAL_SURFACE ( 'NONE', #1143, 3.175000000000005151 ) ;
#1242 = CARTESIAN_POINT ( 'NONE',  ( 8.000000000000000000, 52.00000000000000711, 0.8249999999999949596 ) ) ;
#1243 = VERTEX_POINT ( 'NONE', #596 ) ;
#1244 = CARTESIAN_POINT ( 'NONE',  ( 1.000000000000000000, 4.000000000000000000, 4.000000000000000000 ) ) ;
#1245 = CYLINDRICAL_SURFACE ( 'NONE', #219, 3.175000000000005151 ) ;
#1246 = ORIENTED_EDGE ( 'NONE', *, *, #1870, .T. ) ;
#1247 = PRESENTATION_STYLE_ASSIGNMENT (( #437 ) ) ;
#1248 = DIRECTION ( 'NONE',  ( 0.000000000000000000, 0.000000000000000000, -1.000000000000000000 ) ) ;
#1249 = DIRECTION ( 'NONE',  ( 0.000000000000000000, 0.000000000000000000, 1.000000000000000000 ) ) ;
#1250 = CARTESIAN_POINT ( 'NONE',  ( 17.15569669100273487, -8.788282006559317239, -4.000000000000000000 ) ) ;
#1251 = EDGE_CURVE ( 'NONE', #2430, #270, #1312, .T. ) ;
#1252 = ORIENTED_EDGE ( 'NONE', *, *, #1440, .T. ) ;
#1253 = DIRECTION ( 'NONE',  ( -0.9396926207859097602, 0.3420201433256654378, 0.000000000000000000 ) ) ;
#1254 = AXIS2_PLACEMENT_3D ( 'NONE', #2222, #784, #2408 ) ;
#1255 = VECTOR ( 'NONE', #2375, 1000.000000000000000 ) ;
#1256 = FACE_BOUND ( 'NONE', #479, .T. ) ;
#1257 = VECTOR ( 'NONE', #1413, 999.9999999999998863 ) ;
#1258 = COLOUR_RGB ( '',0.7921568627450980005, 0.8196078431372548767, 0.9333333333333333481 ) ;
#1259 = ORIENTED_EDGE ( 'NONE', *, *, #585, .F. ) ;
#1260 = CARTESIAN_POINT ( 'NONE',  ( 1.000000000000000000, 75.99999999999998579, 31.17500000000001137 ) ) ;
#1261 = AXIS2_PLACEMENT_3D ( 'NONE', #2161, #982, #583 ) ;
#1262 = EDGE_CURVE ( 'NONE', #201, #2470, #2378, .T. ) ;
#1263 = ADVANCED_FACE ( 'NONE', ( #756 ), #1004, .F. ) ;
#1264 = FACE_OUTER_BOUND ( 'NONE', #1501, .T. ) ;
#1265 = CARTESIAN_POINT ( 'NONE',  ( 14.76500678116174825, -3.661430950113004901, 28.00000000000000000 ) ) ;
#1266 = VERTEX_POINT ( 'NONE', #388 ) ;
#1267 = DIRECTION ( 'NONE',  ( -0.9396926207859098712, 0.3420201433256648826, -0.000000000000000000 ) ) ;
#1268 = VERTEX_POINT ( 'NONE', #801 ) ;
#1269 = CIRCLE ( 'NONE', #2358, 4.000000000000000000 ) ;
#1270 = DIRECTION ( 'NONE',  ( 0.000000000000000000, 0.000000000000000000, 1.000000000000000000 ) ) ;
#1271 = CARTESIAN_POINT ( 'NONE',  ( 8.000000000000000000, 92.00000000000000000, 28.00000000000000000 ) ) ;
#1272 = EDGE_LOOP ( 'NONE', ( #839, #531 ) ) ;
#1273 = VECTOR ( 'NONE', #951, 1000.000000000000000 ) ;
#1274 = CARTESIAN_POINT ( 'NONE',  ( 9.638155724715455008, -6.052120859953992849, -4.000000000000000000 ) ) ;
#1275 = EDGE_CURVE ( 'NONE', #1771, #2095, #1062, .T. ) ;
#1276 = DIRECTION ( 'NONE',  ( -0.3420201433256654378, -0.9396926207859096492, 0.000000000000000000 ) ) ;
#1277 = EDGE_CURVE ( 'NONE', #1646, #2583, #1190, .T. ) ;
#1278 = DIRECTION ( 'NONE',  ( -1.000000000000000000, -0.000000000000000000, -0.000000000000000000 ) ) ;
#1279 = ORIENTED_EDGE ( 'NONE', *, *, #2136, .F. ) ;
#1280 = CARTESIAN_POINT ( 'NONE',  ( 8.000000000000000000, 92.00000000000001421, 24.00000000000000000 ) ) ;
#1281 = ORIENTED_EDGE ( 'NONE', *, *, #227, .T. ) ;
#1282 = VERTEX_POINT ( 'NONE', #1125 ) ;
#1283 = PLANE ( 'NONE',  #364 ) ;
#1284 = DIRECTION ( 'NONE',  ( 0.000000000000000000, -1.000000000000000000, 0.000000000000000000 ) ) ;
#1285 = ORIENTED_EDGE ( 'NONE', *, *, #2033, .T. ) ;
#1286 = DIRECTION ( 'NONE',  ( -0.3420201433256650492, -0.9396926207859096492, 0.000000000000000000 ) ) ;
#1287 = EDGE_CURVE ( 'NONE', #201, #2073, #1269, .T. ) ;
#1288 = CARTESIAN_POINT ( 'NONE',  ( 1.000000000000000000, 52.00000000000000711, 4.000000000000000000 ) ) ;
#1289 = DIRECTION ( 'NONE',  ( -1.000000000000000000, 0.000000000000000000, 0.000000000000000000 ) ) ;
#1290 = ORIENTED_EDGE ( 'NONE', *, *, #2214, .F. ) ;
#1291 = DIRECTION ( 'NONE',  ( 0.000000000000000000, 0.000000000000000000, -1.000000000000000000 ) ) ;
#1292 = CARTESIAN_POINT ( 'NONE',  ( 1.000000000000000000, 36.00000000000000711, 4.000000000000000000 ) ) ;
#1293 = DIRECTION ( 'NONE',  ( 0.3420201433256653822, 0.9396926207859095381, -0.000000000000000000 ) ) ;
#1294 = ORIENTED_EDGE ( 'NONE', *, *, #1484, .T. ) ;
#1295 = CIRCLE ( 'NONE', #2056, 4.000000000000000000 ) ;
#1296 = DIRECTION ( 'NONE',  ( 0.000000000000000000, 0.000000000000000000, 1.000000000000000000 ) ) ;
#1297 = CARTESIAN_POINT ( 'NONE',  ( 9.638155724715451456, -6.052120859953988408, 48.00000000000000000 ) ) ;
#1298 = AXIS2_PLACEMENT_3D ( 'NONE', #999, #2010, #588 ) ;
#1299 = CIRCLE ( 'NONE', #838, 3.175000000000011369 ) ;
#1300 = VECTOR ( 'NONE', #2553, 1000.000000000000000 ) ;
#1301 = AXIS2_PLACEMENT_3D ( 'NONE', #820, #2250, #831 ) ;
#1302 = FACE_OUTER_BOUND ( 'NONE', #420, .T. ) ;
#1303 = ORIENTED_EDGE ( 'NONE', *, *, #1335, .F. ) ;
#1304 = CARTESIAN_POINT ( 'NONE',  ( 1.000000000000000000, 4.000000000000000000, 0.8249999999999949596 ) ) ;
#1305 = ORIENTED_EDGE ( 'NONE', *, *, #2163, .T. ) ;
#1306 = ORIENTED_EDGE ( 'NONE', *, *, #793, .T. ) ;
#1307 = DIRECTION ( 'NONE',  ( 1.000000000000000000, 0.000000000000000000, 0.000000000000000000 ) ) ;
#1308 = EDGE_CURVE ( 'NONE', #636, #1053, #2237, .T. ) ;
#1309 = EDGE_CURVE ( 'NONE', #172, #1650, #958, .T. ) ;
#1310 = ORIENTED_EDGE ( 'NONE', *, *, #496, .T. ) ;
#1311 = DIRECTION ( 'NONE',  ( 1.000000000000000000, -0.000000000000000000, -0.000000000000000000 ) ) ;
#1312 = CIRCLE ( 'NONE', #852, 4.000000000000000000 ) ;
#1313 = DIRECTION ( 'NONE',  ( 0.9396926207859098712, -0.3420201433256648826, 0.000000000000000000 ) ) ;
#1314 = CIRCLE ( 'NONE', #171, 3.175000000000005151 ) ;
#1315 = LINE ( 'NONE', #1117, #505 ) ;
#1316 = EDGE_LOOP ( 'NONE', ( #1410, #1246, #1492, #1934 ) ) ;
#1317 = LINE ( 'NONE', #309, #1724 ) ;
#1318 = VERTEX_POINT ( 'NONE', #502 ) ;
#1319 = EDGE_CURVE ( 'NONE', #1000, #53, #729, .T. ) ;
#1320 = DIRECTION ( 'NONE',  ( -1.000000000000000000, 0.000000000000000000, 0.000000000000000000 ) ) ;
#1321 = EDGE_LOOP ( 'NONE', ( #356, #603, #2079, #2609 ) ) ;
#1322 = DIRECTION ( 'NONE',  ( -1.000000000000000000, -0.000000000000000000, -0.000000000000000000 ) ) ;
#1323 = CARTESIAN_POINT ( 'NONE',  ( 7.000000000000000000, 4.000000000000000000, 4.000000000000000000 ) ) ;
#1324 = ORIENTED_EDGE ( 'NONE', *, *, #959, .F. ) ;
#1325 = CARTESIAN_POINT ( 'NONE',  ( 1.000000000000000000, 4.000000000000000000, 4.000000000000000000 ) ) ;
#1326 = PLANE ( 'NONE',  #1853 ) ;
#1327 = ORIENTED_EDGE ( 'NONE', *, *, #2023, .T. ) ;
#1328 = DIRECTION ( 'NONE',  ( 0.000000000000000000, 0.000000000000000000, 1.000000000000000000 ) ) ;
#1329 = ADVANCED_FACE ( 'NONE', ( #1910 ), #930, .F. ) ;
#1330 = ORIENTED_EDGE ( 'NONE', *, *, #2265, .F. ) ;
#1331 = DIRECTION ( 'NONE',  ( -1.000000000000000000, 0.000000000000000000, 0.000000000000000000 ) ) ;
#1332 = CARTESIAN_POINT ( 'NONE',  ( 9.491934390442379410, -9.377665074274919021, -4.000000000000000000 ) ) ;
#1333 = AXIS2_PLACEMENT_3D ( 'NONE', #1688, #1347, #1077 ) ;
#1334 = CIRCLE ( 'NONE', #1718, 4.000000000000000000 ) ;
#1335 = EDGE_CURVE ( 'NONE', #871, #1495, #1417, .T. ) ;
#1336 = EDGE_CURVE ( 'NONE', #594, #323, #2201, .T. ) ;
#1337 = VECTOR ( 'NONE', #1956, 1000.000000000000114 ) ;
#1338 = LINE ( 'NONE', #2131, #1399 ) ;
#1339 = VECTOR ( 'NONE', #107, 1000.000000000000000 ) ;
#1340 = LINE ( 'NONE', #950, #1300 ) ;
#1341 = CARTESIAN_POINT ( 'NONE',  ( 8.000000000000000000, 36.00000000000000711, 4.000000000000000000 ) ) ;
#1342 = ORIENTED_EDGE ( 'NONE', *, *, #2109, .F. ) ;
#1343 = FACE_BOUND ( 'NONE', #485, .T. ) ;
#1344 = EDGE_LOOP ( 'NONE', ( #1717, #188, #2173, #2505 ) ) ;
#1345 = CARTESIAN_POINT ( 'NONE',  ( 8.270075151412788372, -9.810891343097628337, 12.00000000000000000 ) ) ;
#1346 = FACE_OUTER_BOUND ( 'NONE', #2042, .T. ) ;
#1347 = DIRECTION ( 'NONE',  ( 1.000000000000000000, -0.000000000000000000, -0.000000000000000000 ) ) ;
#1348 = VECTOR ( 'NONE', #1548, 999.9999999999998863 ) ;
#1349 = ORIENTED_EDGE ( 'NONE', *, *, #415, .F. ) ;
#1350 = AXIS2_PLACEMENT_3D ( 'NONE', #1437, #1686, #2236 ) ;
#1351 = EDGE_CURVE ( 'NONE', #90, #291, #915, .T. ) ;
#1352 = AXIS2_PLACEMENT_3D ( 'NONE', #2197, #606, #1607 ) ;
#1353 = CARTESIAN_POINT ( 'NONE',  ( 8.000000000000000000, 92.00000000000000000, 30.54999999999999361 ) ) ;
#1354 = AXIS2_PLACEMENT_3D ( 'NONE', #1542, #150, #136 ) ;
#1355 = ADVANCED_FACE ( 'NONE', ( #1346 ), #143, .F. ) ;
#1356 = DIRECTION ( 'NONE',  ( 1.000000000000000000, 0.000000000000000000, -0.000000000000000000 ) ) ;
#1357 = LINE ( 'NONE', #997, #782 ) ;
#1358 = ORIENTED_EDGE ( 'NONE', *, *, #72, .F. ) ;
#1359 = DIRECTION ( 'NONE',  ( -0.3420201433256657153, -0.9396926207859094271, 0.000000000000000000 ) ) ;
#1360 = EDGE_LOOP ( 'NONE', ( #2223, #1586, #509, #1672 ) ) ;
#1361 = DIRECTION ( 'NONE',  ( -0.3420201433256654378, -0.9396926207859096492, 1.663587612902693180E-32 ) ) ;
#1362 = VERTEX_POINT ( 'NONE', #2512 ) ;
#1363 = DIRECTION ( 'NONE',  ( 0.000000000000000000, 1.000000000000000000, 0.000000000000000000 ) ) ;
#1364 = CARTESIAN_POINT ( 'NONE',  ( 8.000000000000000000, 92.00000000000001421, 24.00000000000000000 ) ) ;
#1365 = DIRECTION ( 'NONE',  ( 1.000000000000000000, 0.000000000000000000, 0.000000000000000000 ) ) ;
#1366 = VERTEX_POINT ( 'NONE', #906 ) ;
#1367 = EDGE_CURVE ( 'NONE', #1771, #2319, #1537, .T. ) ;
#1368 = DIRECTION ( 'NONE',  ( 0.9396926207859098712, -0.3420201433256648826, 0.000000000000000000 ) ) ;
#1369 = CARTESIAN_POINT ( 'NONE',  ( 7.000000000000000000, 36.00000000000000711, 4.000000000000000000 ) ) ;
#1370 = CLOSED_SHELL ( 'NONE', ( #1388, #676, #954, #1922, #1917, #1885, #1070, #2252, #2349, #2551, #1562, #932, #1597, #1329, #209, #1639, #674, #2517, #331, #2094, #1263, #2049, #2007, #459, #104, #1227, #2191, #1813, #2127, #1114, #711, #1972, #856, #1581, #937, #290, #537, #63, #1678, #2352, #2542, #1355, #372, #671, #1740, #979, #1674, #124, #2441, #45, #2402, #2600, #1950, #2514, #267, #313, #514, #444, #2165, #560, #2469, #2416, #1124, #612, #1948, #317, #2369, #994, #922, #1201, #1616, #397, #1728, #366, #611, #2407, #1400, #701, #1815, #2584, #478, #1550, #1112, #2331, #1780, #2098 ) ) ;
#1371 = DIRECTION ( 'NONE',  ( 0.000000000000000000, 0.000000000000000000, -1.000000000000000000 ) ) ;
#1372 = EDGE_LOOP ( 'NONE', ( #74, #1604, #2294, #1330 ) ) ;
#1373 = FACE_OUTER_BOUND ( 'NONE', #146, .T. ) ;
#1374 = ORIENTED_EDGE ( 'NONE', *, *, #1666, .T. ) ;
#1375 = DIRECTION ( 'NONE',  ( 0.000000000000000000, -1.000000000000000000, 1.445602896647338917E-16 ) ) ;
#1376 = ORIENTED_EDGE ( 'NONE', *, *, #732, .T. ) ;
#1377 = CARTESIAN_POINT ( 'NONE',  ( 7.000000000000000000, 75.99999999999998579, 28.00000000000000000 ) ) ;
#1378 = DIRECTION ( 'NONE',  ( 1.000000000000000000, -0.000000000000000000, -0.000000000000000000 ) ) ;
#1379 = ORIENTED_EDGE ( 'NONE', *, *, #795, .T. ) ;
#1380 = AXIS2_PLACEMENT_3D ( 'NONE', #1406, #592, #184 ) ;
#1381 = FACE_BOUND ( 'NONE', #2091, .T. ) ;
#1382 = VECTOR ( 'NONE', #2264, 1000.000000000000114 ) ;
#1383 = PRESENTATION_LAYER_ASSIGNMENT (  '', '', ( #2523 ) ) ;
#1384 = DIRECTION ( 'NONE',  ( 1.000000000000000000, -0.000000000000000000, -0.000000000000000000 ) ) ;
#1385 = VERTEX_POINT ( 'NONE', #1720 ) ;
#1386 = CIRCLE ( 'NONE', #628, 3.174999999999993605 ) ;
#1387 = DIRECTION ( 'NONE',  ( 0.000000000000000000, 0.000000000000000000, -1.000000000000000000 ) ) ;
#1388 = ADVANCED_FACE ( 'NONE', ( #2346 ), #2141, .F. ) ;
#1389 = ORIENTED_EDGE ( 'NONE', *, *, #253, .T. ) ;
#1390 = DIRECTION ( 'NONE',  ( 1.000000000000000000, 0.000000000000000000, 0.000000000000000000 ) ) ;
#1391 = EDGE_LOOP ( 'NONE', ( #396, #2403, #113, #346 ) ) ;
#1392 = CARTESIAN_POINT ( 'NONE',  ( 0.000000000000000000, 92.00000000000000000, 31.17500000000001137 ) ) ;
#1393 = EDGE_CURVE ( 'NONE', #1005, #118, #1946, .T. ) ;
#1394 = DIRECTION ( 'NONE',  ( 0.000000000000000000, 1.734723475976807094E-15, -1.000000000000000000 ) ) ;
#1395 = EDGE_LOOP ( 'NONE', ( #1470, #1507, #1031, #169, #1389, #1224, #1543, #2436, #183, #2185, #473 ) ) ;
#1396 = AXIS2_PLACEMENT_3D ( 'NONE', #2503, #2106, #2528 ) ;
#1397 = CIRCLE ( 'NONE', #936, 2.550000000000000711 ) ;
#1398 = DIRECTION ( 'NONE',  ( 0.000000000000000000, 0.000000000000000000, -1.000000000000000000 ) ) ;
#1399 = VECTOR ( 'NONE', #319, 1000.000000000000227 ) ;
#1400 = ADVANCED_FACE ( 'NONE', ( #716 ), #1525, .F. ) ;
#1401 = DIRECTION ( 'NONE',  ( -1.000000000000000000, -0.000000000000000000, -0.000000000000000000 ) ) ;
#1402 = ORIENTED_EDGE ( 'NONE', *, *, #843, .F. ) ;
#1403 = DIRECTION ( 'NONE',  ( 1.000000000000000000, 0.000000000000000000, 0.000000000000000000 ) ) ;
#1404 = EDGE_CURVE ( 'NONE', #2266, #1800, #2112, .T. ) ;
#1405 = ORIENTED_EDGE ( 'NONE', *, *, #1083, .T. ) ;
#1406 = CARTESIAN_POINT ( 'NONE',  ( 8.000000000000000000, 0.000000000000000000, 0.000000000000000000 ) ) ;
#1407 = ORIENTED_EDGE ( 'NONE', *, *, #650, .T. ) ;
#1408 = DIRECTION ( 'NONE',  ( 0.9396926207859098712, -0.3420201433256648826, 0.000000000000000000 ) ) ;
#1409 = CARTESIAN_POINT ( 'NONE',  ( 9.638155724715456785, -6.052120859953998178, -4.000000000000000000 ) ) ;
#1410 = ORIENTED_EDGE ( 'NONE', *, *, #2289, .F. ) ;
#1411 = CARTESIAN_POINT ( 'NONE',  ( 2.631919426697336029, -7.758770483143638153, 0.000000000000000000 ) ) ;
#1412 = DIRECTION ( 'NONE',  ( 0.9396926207859095381, -0.3420201433256655488, -0.000000000000000000 ) ) ;
#1413 = DIRECTION ( 'NONE',  ( 0.3420201433256654378, 0.9396926207859096492, -1.663587612902693180E-32 ) ) ;
#1414 = ORIENTED_EDGE ( 'NONE', *, *, #644, .F. ) ;
#1415 = CARTESIAN_POINT ( 'NONE',  ( 7.000000000000000000, 75.99999999999998579, 24.82499999999998863 ) ) ;
#1416 = VERTEX_POINT ( 'NONE', #1297 ) ;
#1417 =( BOUNDED_CURVE ( )  B_SPLINE_CURVE ( 3, ( #305, #2550, #689, #1746 ),
 .UNSPECIFIED., .F., .F. ) 
 B_SPLINE_CURVE_WITH_KNOTS ( ( 4, 4 ),
 ( 1.369226583625283711, 1.570796326794896780 ),
 .UNSPECIFIED. ) 
 CURVE ( )  GEOMETRIC_REPRESENTATION_ITEM ( )  RATIONAL_B_SPLINE_CURVE ( ( 1.000000000000000000, 0.9966170016008129018, 0.9966170016008129018, 1.000000000000000000 ) ) 
 REPRESENTATION_ITEM ( '' )  );
#1418 = FACE_OUTER_BOUND ( 'NONE', #1082, .T. ) ;
#1419 = ORIENTED_EDGE ( 'NONE', *, *, #599, .T. ) ;
#1420 = ORIENTED_EDGE ( 'NONE', *, *, #808, .T. ) ;
#1421 = CARTESIAN_POINT ( 'NONE',  ( -8.673617379884035472E-16, -4.000000000000000000, 8.000000000000000000 ) ) ;
#1422 = EDGE_CURVE ( 'NONE', #2526, #626, #1730, .T. ) ;
#1423 = EDGE_CURVE ( 'NONE', #2450, #2133, #46, .T. ) ;
#1424 = CARTESIAN_POINT ( 'NONE',  ( 1.000000000000000000, 4.000000000000000000, 7.175000000000005151 ) ) ;
#1425 = EDGE_CURVE ( 'NONE', #2558, #1416, #160, .T. ) ;
#1426 = AXIS2_PLACEMENT_3D ( 'NONE', #2388, #1390, #563 ) ;
#1427 = CARTESIAN_POINT ( 'NONE',  ( 7.247465814874475498, -0.9252698035076877270, 12.00000000000000000 ) ) ;
#1428 = AXIS2_PLACEMENT_3D ( 'NONE', #170, #2208, #2181 ) ;
#1429 = CARTESIAN_POINT ( 'NONE',  ( 8.270075151412791925, -9.810891343097621231, -4.000000000000000000 ) ) ;
#1430 = ORIENTED_EDGE ( 'NONE', *, *, #234, .T. ) ;
#1431 = CIRCLE ( 'NONE', #2522, 3.175000000000011369 ) ;
#1432 = DIRECTION ( 'NONE',  ( 0.9396926207859098712, -0.3420201433256648826, 0.000000000000000000 ) ) ;
#1433 = EDGE_LOOP ( 'NONE', ( #300, #2481 ) ) ;
#1434 = DIRECTION ( 'NONE',  ( -0.9396926207859095381, 0.3420201433256655488, -0.000000000000000000 ) ) ;
#1435 = CIRCLE ( 'NONE', #451, 3.175000000000011369 ) ;
#1436 = EDGE_LOOP ( 'NONE', ( #512, #757 ) ) ;
#1437 = CARTESIAN_POINT ( 'NONE',  ( 16.21600407021682955, -8.446261863233644362, 44.00000000000000000 ) ) ;
#1438 = DIRECTION ( 'NONE',  ( -1.000000000000000000, 0.000000000000000000, 0.000000000000000000 ) ) ;
#1439 = CARTESIAN_POINT ( 'NONE',  ( 8.000000000000000000, 4.000000000000000000, 4.000000000000000000 ) ) ;
#1440 = EDGE_CURVE ( 'NONE', #546, #2608, #1186, .T. ) ;
#1441 = AXIS2_PLACEMENT_3D ( 'NONE', #946, #2327, #2128 ) ;
#1442 = LINE ( 'NONE', #419, #288 ) ;
#1443 = AXIS2_PLACEMENT_3D ( 'NONE', #2022, #649, #1665 ) ;
#1444 = VERTEX_POINT ( 'NONE', #186 ) ;
#1445 = DIRECTION ( 'NONE',  ( 0.9396926207859098712, -0.3420201433256648826, 0.000000000000000000 ) ) ;
#1446 = VECTOR ( 'NONE', #1939, 1000.000000000000000 ) ;
#1447 = CARTESIAN_POINT ( 'NONE',  ( 4.511304668269152884, -8.442810769794965253, -4.000000000000000000 ) ) ;
#1448 = ORIENTED_EDGE ( 'NONE', *, *, #2419, .T. ) ;
#1449 = CARTESIAN_POINT ( 'NONE',  ( 0.000000000000000000, 72.00000000000001421, 0.000000000000000000 ) ) ;
#1450 = EDGE_CURVE ( 'NONE', #2212, #2459, #1801, .T. ) ;
#1451 = CARTESIAN_POINT ( 'NONE',  ( 9.705696980020917408, -8.790357186283726421, 44.00000000000000000 ) ) ;
#1452 = FACE_OUTER_BOUND ( 'NONE', #181, .T. ) ;
#1453 = DIRECTION ( 'NONE',  ( 1.000000000000000000, -0.000000000000000000, -0.000000000000000000 ) ) ;
#1454 = EDGE_CURVE ( 'NONE', #1753, #1646, #173, .T. ) ;
#1455 = ORIENTED_EDGE ( 'NONE', *, *, #990, .T. ) ;
#1456 = DIRECTION ( 'NONE',  ( 1.000000000000000000, 0.000000000000000000, 0.000000000000000000 ) ) ;
#1457 = DIRECTION ( 'NONE',  ( 1.000000000000000000, 0.000000000000000000, 0.000000000000000000 ) ) ;
#1458 = EDGE_CURVE ( 'NONE', #2400, #1926, #1141, .T. ) ;
#1459 = ORIENTED_EDGE ( 'NONE', *, *, #2082, .F. ) ;
#1460 = CARTESIAN_POINT ( 'NONE',  ( 8.000000000000000000, 4.000000000000000000, 4.000000000000000000 ) ) ;
#1461 = ORIENTED_EDGE ( 'NONE', *, *, #1585, .F. ) ;
#1462 = CARTESIAN_POINT ( 'NONE',  ( 1.000000000000000000, 75.99999999999998579, 25.45000000000000639 ) ) ;
#1463 = CARTESIAN_POINT ( 'NONE',  ( 10.51030709019590326, -3.655904676949926824, -4.000000000000000000 ) ) ;
#1464 = ORIENTED_EDGE ( 'NONE', *, *, #690, .T. ) ;
#1465 = CARTESIAN_POINT ( 'NONE',  ( 0.000000000000000000, 36.00000000000000711, 4.000000000000000000 ) ) ;
#1466 = AXIS2_PLACEMENT_3D ( 'NONE', #1288, #881, #329 ) ;
#1467 = AXIS2_PLACEMENT_3D ( 'NONE', #633, #1445, #2482 ) ;
#1468 = FACE_OUTER_BOUND ( 'NONE', #1372, .T. ) ;
#1469 = EDGE_CURVE ( 'NONE', #1753, #1706, #2390, .T. ) ;
#1470 = ORIENTED_EDGE ( 'NONE', *, *, #1484, .F. ) ;
#1471 = DIRECTION ( 'NONE',  ( 0.000000000000000000, 0.000000000000000000, 1.000000000000000000 ) ) ;
#1472 = EDGE_CURVE ( 'NONE', #702, #1266, #2451, .T. ) ;
#1473 = DIRECTION ( 'NONE',  ( -0.9396926207859095381, 0.3420201433256657153, 0.000000000000000000 ) ) ;
#1474 = VERTEX_POINT ( 'NONE', #2563 ) ;
#1475 = LINE ( 'NONE', #2087, #2445 ) ;
#1476 = EDGE_CURVE ( 'NONE', #354, #1668, #1822, .T. ) ;
#1477 = ORIENTED_EDGE ( 'NONE', *, *, #1637, .F. ) ;
#1478 = AXIS2_PLACEMENT_3D ( 'NONE', #1563, #991, #1211 ) ;
#1479 = ORIENTED_EDGE ( 'NONE', *, *, #480, .F. ) ;
#1480 = CARTESIAN_POINT ( 'NONE',  ( 1.000000000000000000, 52.00000000000000711, 4.000000000000000000 ) ) ;
#1481 = AXIS2_PLACEMENT_3D ( 'NONE', #96, #1093, #908 ) ;
#1482 = CARTESIAN_POINT ( 'NONE',  ( 2.631919426697336029, -7.758770483143638153, 0.000000000000000000 ) ) ;
#1483 = AXIS2_PLACEMENT_3D ( 'NONE', #1377, #1592, #595 ) ;
#1484 = EDGE_CURVE ( 'NONE', #498, #2374, #214, .T. ) ;
#1485 = ORIENTED_EDGE ( 'NONE', *, *, #2596, .T. ) ;
#1486 = CIRCLE ( 'NONE', #1354, 2.550000000000000266 ) ;
#1487 = CYLINDRICAL_SURFACE ( 'NONE', #2396, 3.175000000000011369 ) ;
#1488 = DIRECTION ( 'NONE',  ( 1.000000000000000000, -0.000000000000000000, -0.000000000000000000 ) ) ;
#1489 = DIRECTION ( 'NONE',  ( -0.9396926207859095381, 0.3420201433256653822, 0.000000000000000000 ) ) ;
#1490 = ORIENTED_EDGE ( 'NONE', *, *, #177, .F. ) ;
#1491 = DIRECTION ( 'NONE',  ( -0.3420201433256654933, -0.9396926207859095381, 0.000000000000000000 ) ) ;
#1492 = ORIENTED_EDGE ( 'NONE', *, *, #2109, .T. ) ;
#1493 = VERTEX_POINT ( 'NONE', #2001 ) ;
#1494 = FACE_OUTER_BOUND ( 'NONE', #389, .T. ) ;
#1495 = VERTEX_POINT ( 'NONE', #5 ) ;
#1496 = DIRECTION ( 'NONE',  ( 0.3420201433256655488, 0.9396926207859095381, -0.000000000000000000 ) ) ;
#1497 = CARTESIAN_POINT ( 'NONE',  ( 15.13009011515783797, -11.42978593422891542, -4.000000000000000000 ) ) ;
#1498 = CIRCLE ( 'NONE', #1583, 3.175000000000011369 ) ;
#1499 = CARTESIAN_POINT ( 'NONE',  ( 7.000000000000000000, 4.000000000000000000, 0.8249999999999949596 ) ) ;
#1500 = PRODUCT_RELATED_PRODUCT_CATEGORY ( 'part', '', ( #572 ) ) ;
#1501 = EDGE_LOOP ( 'NONE', ( #483, #2456, #1407, #367, #1285 ) ) ;
#1502 = EDGE_CURVE ( 'NONE', #2073, #498, #1229, .T. ) ;
#1503 = DIRECTION ( 'NONE',  ( 0.000000000000000000, 0.000000000000000000, 1.000000000000000000 ) ) ;
#1504 = DIRECTION ( 'NONE',  ( 0.3420201433256654378, 0.9396926207859096492, -1.663587612902693180E-32 ) ) ;
#1505 = ORIENTED_EDGE ( 'NONE', *, *, #177, .T. ) ;
#1506 = CARTESIAN_POINT ( 'NONE',  ( 7.000000000000000000, 75.99999999999998579, 28.00000000000000000 ) ) ;
#1507 = ORIENTED_EDGE ( 'NONE', *, *, #1022, .T. ) ;
#1508 = AXIS2_PLACEMENT_3D ( 'NONE', #1694, #2283, #2498 ) ;
#1509 = CARTESIAN_POINT ( 'NONE',  ( 1.000000000000000000, 36.00000000000000711, 6.549999999999998934 ) ) ;
#1510 = CARTESIAN_POINT ( 'NONE',  ( 10.57784834550136388, -6.394141003279654178, 44.00000000000000000 ) ) ;
#1511 = AXIS2_PLACEMENT_3D ( 'NONE', #2332, #520, #737 ) ;
#1512 = AXIS2_PLACEMENT_3D ( 'NONE', #1065, #1869, #1471 ) ;
#1513 = AXIS2_PLACEMENT_3D ( 'NONE', #481, #720, #271 ) ;
#1514 = ORIENTED_EDGE ( 'NONE', *, *, #2380, .F. ) ;
#1515 = AXIS2_PLACEMENT_3D ( 'NONE', #256, #1653, #205 ) ;
#1516 = FACE_OUTER_BOUND ( 'NONE', #1632, .T. ) ;
#1517 = ORIENTED_EDGE ( 'NONE', *, *, #1051, .T. ) ;
#1518 = DIRECTION ( 'NONE',  ( -1.000000000000000000, -0.000000000000000000, -0.000000000000000000 ) ) ;
#1519 = VERTEX_POINT ( 'NONE', #1757 ) ;
#1520 = ORIENTED_EDGE ( 'NONE', *, *, #1425, .F. ) ;
#1521 = CARTESIAN_POINT ( 'NONE',  ( 1.000000000000000000, 92.00000000000000000, 31.17500000000001137 ) ) ;
#1522 = ORIENTED_EDGE ( 'NONE', *, *, #2386, .F. ) ;
#1523 = CARTESIAN_POINT ( 'NONE',  ( 8.000000000000000000, 92.00000000000001421, 28.00000000000000000 ) ) ;
#1524 = AXIS2_PLACEMENT_3D ( 'NONE', #2377, #2014, #1774 ) ;
#1525 = CYLINDRICAL_SURFACE ( 'NONE', #1441, 3.175000000000001599 ) ;
#1526 = CIRCLE ( 'NONE', #637, 3.999999999999999556 ) ;
#1527 = DIRECTION ( 'NONE',  ( 0.000000000000000000, 0.000000000000000000, -1.000000000000000000 ) ) ;
#1528 = EDGE_CURVE ( 'NONE', #64, #363, #357, .T. ) ;
#1529 = CARTESIAN_POINT ( 'NONE',  ( 10.57784834550136566, -6.394141003279650626, 44.00000000000000000 ) ) ;
#1530 = ORIENTED_EDGE ( 'NONE', *, *, #1538, .F. ) ;
#1531 = ORIENTED_EDGE ( 'NONE', *, *, #903, .F. ) ;
#1532 = LINE ( 'NONE', #2323, #1232 ) ;
#1533 = EDGE_CURVE ( 'NONE', #9, #1053, #1223, .T. ) ;
#1534 = VERTEX_POINT ( 'NONE', #1790 ) ;
#1535 = CARTESIAN_POINT ( 'NONE',  ( 8.000000000000000000, 72.00000000000001421, 4.000000000000000000 ) ) ;
#1536 = EDGE_CURVE ( 'NONE', #1943, #1126, #2183, .T. ) ;
#1537 = LINE ( 'NONE', #2335, #1059 ) ;
#1538 = EDGE_CURVE ( 'NONE', #1668, #354, #1028, .T. ) ;
#1539 = DIRECTION ( 'NONE',  ( 0.000000000000000000, 0.000000000000000000, -1.000000000000000000 ) ) ;
#1540 = CARTESIAN_POINT ( 'NONE',  ( 18.52377726430538729, -5.029511523415673757, -4.000000000000000000 ) ) ;
#1541 = DIRECTION ( 'NONE',  ( 0.000000000000000000, 0.000000000000000000, -1.000000000000000000 ) ) ;
#1542 = CARTESIAN_POINT ( 'NONE',  ( 1.000000000000000000, 4.000000000000000000, 4.000000000000000000 ) ) ;
#1543 = ORIENTED_EDGE ( 'NONE', *, *, #1779, .T. ) ;
#1544 = DIRECTION ( 'NONE',  ( 1.445602896647339163E-16, -7.228014483236695816E-17, 1.000000000000000000 ) ) ;
#1545 = ORIENTED_EDGE ( 'NONE', *, *, #1472, .T. ) ;
#1546 = CARTESIAN_POINT ( 'NONE',  ( 1.000000000000000000, 36.00000000000000711, 4.000000000000000000 ) ) ;
#1547 = EDGE_CURVE ( 'NONE', #2151, #1534, #2277, .T. ) ;
#1548 = DIRECTION ( 'NONE',  ( 0.3420201433256654378, 0.9396926207859096492, -1.663587612902693180E-32 ) ) ;
#1549 = FACE_BOUND ( 'NONE', #727, .T. ) ;
#1550 = ADVANCED_FACE ( 'NONE', ( #2029 ), #2406, .T. ) ;
#1551 = AXIS2_PLACEMENT_3D ( 'NONE', #2268, #2040, #442 ) ;
#1552 = AXIS2_PLACEMENT_3D ( 'NONE', #927, #1742, #2546 ) ;
#1553 = DIRECTION ( 'NONE',  ( -1.000000000000000000, -0.000000000000000000, -0.000000000000000000 ) ) ;
#1554 = AXIS2_PLACEMENT_3D ( 'NONE', #430, #858, #1035 ) ;
#1555 = DIRECTION ( 'NONE',  ( -1.000000000000000000, -0.000000000000000000, -0.000000000000000000 ) ) ;
#1556 = CARTESIAN_POINT ( 'NONE',  ( 8.000000000000000000, 52.00000000000000711, 7.175000000000005151 ) ) ;
#1557 = ORIENTED_EDGE ( 'NONE', *, *, #189, .F. ) ;
#1558 = FACE_OUTER_BOUND ( 'NONE', #2447, .T. ) ;
#1559 = ORIENTED_EDGE ( 'NONE', *, *, #25, .F. ) ;
#1560 = CARTESIAN_POINT ( 'NONE',  ( 8.000000000000000000, 36.00000000000000711, 4.000000000000000000 ) ) ;
#1561 = ORIENTED_EDGE ( 'NONE', *, *, #1974, .T. ) ;
#1562 = ADVANCED_FACE ( 'NONE', ( #1418 ), #753, .F. ) ;
#1563 = CARTESIAN_POINT ( 'NONE',  ( 16.21600407021682955, -8.446261863233644362, 44.00000000000000000 ) ) ;
#1564 = PLANE ( 'NONE',  #2055 ) ;
#1565 = CARTESIAN_POINT ( 'NONE',  ( 1.000000000000000000, 52.00000000000000711, 0.8249999999999949596 ) ) ;
#1566 = VERTEX_POINT ( 'NONE', #1392 ) ;
#1567 = CIRCLE ( 'NONE', #385, 3.175000000000011369 ) ;
#1568 = AXIS2_PLACEMENT_3D ( 'NONE', #1878, #2467, #1844 ) ;
#1569 = FACE_BOUND ( 'NONE', #2038, .T. ) ;
#1570 = CIRCLE ( 'NONE', #2577, 3.175000000000005151 ) ;
#1571 = DIRECTION ( 'NONE',  ( -0.3420201433256654933, -0.9396926207859095381, 0.000000000000000000 ) ) ;
#1572 = CYLINDRICAL_SURFACE ( 'NONE', #896, 3.175000000000005151 ) ;
#1573 = EDGE_LOOP ( 'NONE', ( #2218, #1041 ) ) ;
#1574 = DIRECTION ( 'NONE',  ( 0.000000000000000000, 0.000000000000000000, 1.000000000000000000 ) ) ;
#1575 = ORIENTED_EDGE ( 'NONE', *, *, #2005, .F. ) ;
#1576 = PLANE ( 'NONE',  #2260 ) ;
#1577 = VERTEX_POINT ( 'NONE', #2221 ) ;
#1578 = DIRECTION ( 'NONE',  ( 0.000000000000000000, 0.000000000000000000, 1.000000000000000000 ) ) ;
#1579 = CARTESIAN_POINT ( 'NONE',  ( 8.000000000000000000, 60.00000000000000711, 8.000000000000000000 ) ) ;
#1580 = ORIENTED_EDGE ( 'NONE', *, *, #382, .T. ) ;
#1581 = ADVANCED_FACE ( 'NONE', ( #1671 ), #249, .F. ) ;
#1582 = DIRECTION ( 'NONE',  ( 0.000000000000000000, 0.000000000000000000, 1.000000000000000000 ) ) ;
#1583 = AXIS2_PLACEMENT_3D ( 'NONE', #1692, #2496, #683 ) ;
#1584 = DIRECTION ( 'NONE',  ( -1.000000000000000000, -0.000000000000000000, -0.000000000000000000 ) ) ;
#1585 = EDGE_CURVE ( 'NONE', #1789, #1318, #66, .T. ) ;
#1586 = ORIENTED_EDGE ( 'NONE', *, *, #2419, .F. ) ;
#1587 = EDGE_CURVE ( 'NONE', #1800, #2266, #1397, .T. ) ;
#1588 = DIRECTION ( 'NONE',  ( 1.000000000000000000, -0.000000000000000000, -0.000000000000000000 ) ) ;
#1589 = ORIENTED_EDGE ( 'NONE', *, *, #1367, .F. ) ;
#1590 = FACE_OUTER_BOUND ( 'NONE', #159, .T. ) ;
#1591 = ORIENTED_EDGE ( 'NONE', *, *, #1909, .T. ) ;
#1592 = DIRECTION ( 'NONE',  ( 1.000000000000000000, -0.000000000000000000, -0.000000000000000000 ) ) ;
#1593 = DIRECTION ( 'NONE',  ( -1.000000000000000000, 0.000000000000000000, 0.000000000000000000 ) ) ;
#1594 = ORIENTED_EDGE ( 'NONE', *, *, #95, .T. ) ;
#1595 = VERTEX_POINT ( 'NONE', #226 ) ;
#1596 = AXIS2_PLACEMENT_3D ( 'NONE', #2581, #1623, #992 ) ;
#1597 = ADVANCED_FACE ( 'NONE', ( #1468 ), #1245, .F. ) ;
#1598 = CARTESIAN_POINT ( 'NONE',  ( 8.000000000000000000, 96.00000000000001421, 28.00000000000000000 ) ) ;
#1599 = CIRCLE ( 'NONE', #448, 4.000000000000000000 ) ;
#1600 = MECHANICAL_DESIGN_GEOMETRIC_PRESENTATION_REPRESENTATION (  '', ( #2523 ), #622 ) ;
#1601 = CYLINDRICAL_SURFACE ( 'NONE', #1614, 3.175000000000011369 ) ;
#1602 = ORIENTED_EDGE ( 'NONE', *, *, #844, .T. ) ;
#1603 = DIRECTION ( 'NONE',  ( 0.000000000000000000, 0.000000000000000000, 1.000000000000000000 ) ) ;
#1604 = ORIENTED_EDGE ( 'NONE', *, *, #1367, .T. ) ;
#1605 = DIRECTION ( 'NONE',  ( 0.000000000000000000, 0.000000000000000000, -1.000000000000000000 ) ) ;
#1606 = EDGE_LOOP ( 'NONE', ( #185, #79 ) ) ;
#1607 = DIRECTION ( 'NONE',  ( 0.000000000000000000, 0.000000000000000000, -1.000000000000000000 ) ) ;
#1608 = DIRECTION ( 'NONE',  ( 0.000000000000000000, 0.000000000000000000, -1.000000000000000000 ) ) ;
#1609 = ORIENTED_EDGE ( 'NONE', *, *, #1669, .F. ) ;
#1610 = VERTEX_POINT ( 'NONE', #1482 ) ;
#1611 = VECTOR ( 'NONE', #1378, 1000.000000000000000 ) ;
#1612 = CIRCLE ( 'NONE', #2154, 2.550000000000006040 ) ;
#1613 = CARTESIAN_POINT ( 'NONE',  ( 0.000000000000000000, 64.00000000000000000, 27.99999999999999645 ) ) ;
#1614 = AXIS2_PLACEMENT_3D ( 'NONE', #1768, #2586, #1161 ) ;
#1615 = DIRECTION ( 'NONE',  ( 0.000000000000000000, 0.000000000000000000, 1.000000000000000000 ) ) ;
#1616 = ADVANCED_FACE ( 'NONE', ( #1050 ), #2269, .F. ) ;
#1617 = CARTESIAN_POINT ( 'NONE',  ( 15.13009011515784330, -11.42978593422890476, 44.00000000000000000 ) ) ;
#1618 = ORIENTED_EDGE ( 'NONE', *, *, #2214, .T. ) ;
#1619 = DIRECTION ( 'NONE',  ( 0.000000000000000000, 0.000000000000000000, -1.000000000000000000 ) ) ;
#1620 = EDGE_LOOP ( 'NONE', ( #887, #2384, #408, #586, #2545, #2231, #1303 ) ) ;
#1621 = CARTESIAN_POINT ( 'NONE',  ( 1.000000000000000000, 75.99999999999998579, 28.00000000000000000 ) ) ;
#1622 = APPLICATION_PROTOCOL_DEFINITION ( 'draft international standard', 'automotive_design', 1998, #3 ) ;
#1623 = DIRECTION ( 'NONE',  ( -1.000000000000000000, 0.000000000000000000, 0.000000000000000000 ) ) ;
#1624 = EDGE_LOOP ( 'NONE', ( #2540, #2575, #1520, #130 ) ) ;
#1625 = DIRECTION ( 'NONE',  ( 1.000000000000000000, -0.000000000000000000, 0.000000000000000000 ) ) ;
#1626 = EDGE_CURVE ( 'NONE', #1650, #196, #254, .T. ) ;
#1627 = FACE_OUTER_BOUND ( 'NONE', #2485, .T. ) ;
#1628 = FACE_OUTER_BOUND ( 'NONE', #2123, .T. ) ;
#1629 = CARTESIAN_POINT ( 'NONE',  ( 16.21600407021682955, -8.446261863233644362, 44.00000000000000000 ) ) ;
#1630 = ORIENTED_EDGE ( 'NONE', *, *, #206, .T. ) ;
#1631 = FACE_OUTER_BOUND ( 'NONE', #1238, .T. ) ;
#1632 = EDGE_LOOP ( 'NONE', ( #904, #2296 ) ) ;
#1633 = FACE_OUTER_BOUND ( 'NONE', #1084, .T. ) ;
#1634 = PRODUCT_CONTEXT ( 'NONE', #724, 'mechanical' ) ;
#1635 = ORIENTED_EDGE ( 'NONE', *, *, #1404, .F. ) ;
#1636 = CARTESIAN_POINT ( 'NONE',  ( 8.000000000000000000, 92.00000000000000000, 31.17500000000001137 ) ) ;
#1637 = EDGE_CURVE ( 'NONE', #680, #2205, #1733, .T. ) ;
#1638 = ORIENTED_EDGE ( 'NONE', *, *, #1022, .F. ) ;
#1639 = ADVANCED_FACE ( 'NONE', ( #1633 ), #31, .F. ) ;
#1640 = CYLINDRICAL_SURFACE ( 'NONE', #964, 2.550000000000005596 ) ;
#1641 = CIRCLE ( 'NONE', #1467, 3.175000000000001599 ) ;
#1642 = CARTESIAN_POINT ( 'NONE',  ( 1.000000000000000000, 75.99999999999998579, 28.00000000000000000 ) ) ;
#1643 = AXIS2_PLACEMENT_3D ( 'NONE', #312, #289, #484 ) ;
#1644 = AXIS2_PLACEMENT_3D ( 'NONE', #1931, #1496, #2502 ) ;
#1645 = CARTESIAN_POINT ( 'NONE',  ( 9.638155724715460337, -6.052120859953991072, 44.00000000000000000 ) ) ;
#1646 = VERTEX_POINT ( 'NONE', #20 ) ;
#1647 = AXIS2_PLACEMENT_3D ( 'NONE', #2329, #2132, #1938 ) ;
#1648 = CARTESIAN_POINT ( 'NONE',  ( 8.000000000000000000, 60.00000000000000711, 12.00000000000000000 ) ) ;
#1649 = FACE_OUTER_BOUND ( 'NONE', #1685, .T. ) ;
#1650 = VERTEX_POINT ( 'NONE', #55 ) ;
#1651 = CARTESIAN_POINT ( 'NONE',  ( 0.000000000000000000, 52.00000000000000711, 0.8249999999999949596 ) ) ;
#1652 = EDGE_CURVE ( 'NONE', #985, #1163, #1824, .T. ) ;
#1653 = DIRECTION ( 'NONE',  ( 0.000000000000000000, 0.000000000000000000, 1.000000000000000000 ) ) ;
#1654 = CARTESIAN_POINT ( 'NONE',  ( 0.000000000000000000, 36.00000000000000711, 7.175000000000005151 ) ) ;
#1655 = EDGE_CURVE ( 'NONE', #2476, #1714, #863, .T. ) ;
#1656 = AXIS2_PLACEMENT_3D ( 'NONE', #1102, #94, #700 ) ;
#1657 = CYLINDRICAL_SURFACE ( 'NONE', #203, 2.550000000000001599 ) ;
#1658 = CIRCLE ( 'NONE', #1027, 4.000000000000000000 ) ;
#1659 = ORIENTED_EDGE ( 'NONE', *, *, #523, .T. ) ;
#1660 = CARTESIAN_POINT ( 'NONE',  ( 0.000000000000000000, 64.00000000000001421, 3.700743415417188889E-14 ) ) ;
#1661 = CARTESIAN_POINT ( 'NONE',  ( 0.000000000000000000, 75.99999999999998579, 28.00000000000000000 ) ) ;
#1662 = ORIENTED_EDGE ( 'NONE', *, *, #2245, .T. ) ;
#1663 = CARTESIAN_POINT ( 'NONE',  ( 9.638155724715453232, -6.052120859953988408, -4.000000000000000000 ) ) ;
#1664 = FACE_OUTER_BOUND ( 'NONE', #989, .T. ) ;
#1665 = DIRECTION ( 'NONE',  ( 0.000000000000000000, 0.000000000000000000, -1.000000000000000000 ) ) ;
#1666 = EDGE_CURVE ( 'NONE', #712, #1789, #464, .T. ) ;
#1667 = CARTESIAN_POINT ( 'NONE',  ( 9.638155724715451456, -6.052120859953989296, -8.000000000000000000 ) ) ;
#1668 = VERTEX_POINT ( 'NONE', #263 ) ;
#1669 = EDGE_CURVE ( 'NONE', #2050, #546, #1612, .T. ) ;
#1670 = FACE_OUTER_BOUND ( 'NONE', #1106, .T. ) ;
#1671 = FACE_OUTER_BOUND ( 'NONE', #228, .T. ) ;
#1672 = ORIENTED_EDGE ( 'NONE', *, *, #2081, .F. ) ;
#1673 = DIRECTION ( 'NONE',  ( -0.3420201433256653822, -0.9396926207859095381, 0.000000000000000000 ) ) ;
#1674 = ADVANCED_FACE ( 'NONE', ( #1256, #1074 ), #836, .T. ) ;
#1675 = CARTESIAN_POINT ( 'NONE',  ( 8.000000000000000000, 1.142300877492397504, 8.000000000000000000 ) ) ;
#1676 = DIRECTION ( 'NONE',  ( 0.3420201433256657153, 0.9396926207859095381, -0.000000000000000000 ) ) ;
#1677 = ORIENTED_EDGE ( 'NONE', *, *, #1189, .F. ) ;
#1678 = ADVANCED_FACE ( 'NONE', ( #654, #1649 ), #2449, .T. ) ;
#1679 = LINE ( 'NONE', #1463, #1382 ) ;
#1680 = CARTESIAN_POINT ( 'NONE',  ( 2.631919426697336029, -7.758770483143638153, 8.000000000000000000 ) ) ;
#1681 = DIRECTION ( 'NONE',  ( -0.9396926207859095381, 0.3420201433256657153, 0.000000000000000000 ) ) ;
#1682 = AXIS2_PLACEMENT_3D ( 'NONE', #2139, #2326, #369 ) ;
#1683 = CARTESIAN_POINT ( 'NONE',  ( 7.000000000000000000, 52.00000000000000711, 4.000000000000000000 ) ) ;
#1684 = AXIS2_PLACEMENT_3D ( 'NONE', #971, #168, #393 ) ;
#1685 = EDGE_LOOP ( 'NONE', ( #817, #2180 ) ) ;
#1686 = DIRECTION ( 'NONE',  ( 0.9396926207859098712, -0.3420201433256648826, -0.000000000000000000 ) ) ;
#1687 = AXIS2_PLACEMENT_3D ( 'NONE', #1691, #2318, #2494 ) ;
#1688 = CARTESIAN_POINT ( 'NONE',  ( 7.000000000000000000, 92.00000000000000000, 28.00000000000000000 ) ) ;
#1689 = DIRECTION ( 'NONE',  ( 1.000000000000000000, -0.000000000000000000, -0.000000000000000000 ) ) ;
#1690 = ORIENTED_EDGE ( 'NONE', *, *, #2562, .T. ) ;
#1691 = CARTESIAN_POINT ( 'NONE',  ( 0.000000000000000000, 4.000000000000000000, 4.000000000000000000 ) ) ;
#1692 = CARTESIAN_POINT ( 'NONE',  ( 1.000000000000000000, 92.00000000000000000, 28.00000000000000000 ) ) ;
#1693 = EDGE_LOOP ( 'NONE', ( #175, #152, #2257, #2233 ) ) ;
#1694 = CARTESIAN_POINT ( 'NONE',  ( 10.57784834550136388, -6.394141003279658619, -4.000000000000000000 ) ) ;
#1695 = AXIS2_PLACEMENT_3D ( 'NONE', #2290, #1278, #2300 ) ;
#1696 = CARTESIAN_POINT ( 'NONE',  ( 0.000000000000000000, 68.00000000000000000, 32.00000000000000000 ) ) ;
#1697 = AXIS2_PLACEMENT_3D ( 'NONE', #1683, #2483, #634 ) ;
#1698 = ORIENTED_EDGE ( 'NONE', *, *, #1637, .T. ) ;
#1699 = AXIS2_PLACEMENT_3D ( 'NONE', #1341, #530, #790 ) ;
#1700 = CARTESIAN_POINT ( 'NONE',  ( 8.000000000000000000, 64.00000000000001421, 3.700743415417188889E-14 ) ) ;
#1701 = EDGE_CURVE ( 'NONE', #1282, #2076, #895, .T. ) ;
#1702 = CARTESIAN_POINT ( 'NONE',  ( 9.638155724715451456, -6.052120859953989296, -4.000000000000000000 ) ) ;
#1703 = ORIENTED_EDGE ( 'NONE', *, *, #890, .T. ) ;
#1704 = DIRECTION ( 'NONE',  ( -1.000000000000000000, -0.000000000000000000, 0.000000000000000000 ) ) ;
#1705 = LINE ( 'NONE', #2507, #1832 ) ;
#1706 = VERTEX_POINT ( 'NONE', #2509 ) ;
#1707 = CARTESIAN_POINT ( 'NONE',  ( 9.638155724715456785, -6.052120859953998178, -4.000000000000000000 ) ) ;
#1708 = VERTEX_POINT ( 'NONE', #325 ) ;
#1709 = LINE ( 'NONE', #2537, #1722 ) ;
#1710 = CARTESIAN_POINT ( 'NONE',  ( 7.000000000000000000, 52.00000000000000711, 4.000000000000000000 ) ) ;
#1711 = LINE ( 'NONE', #2515, #463 ) ;
#1712 = ORIENTED_EDGE ( 'NONE', *, *, #348, .F. ) ;
#1713 = CARTESIAN_POINT ( 'NONE',  ( 18.52377726430538729, -5.029511523415673757, 44.00000000000000000 ) ) ;
#1714 = VERTEX_POINT ( 'NONE', #697 ) ;
#1715 = ORIENTED_EDGE ( 'NONE', *, *, #1287, .F. ) ;
#1716 = DIRECTION ( 'NONE',  ( 0.000000000000000000, 0.000000000000000000, -1.000000000000000000 ) ) ;
#1717 = ORIENTED_EDGE ( 'NONE', *, *, #140, .F. ) ;
#1718 = AXIS2_PLACEMENT_3D ( 'NONE', #1001, #1208, #1184 ) ;
#1719 = DIRECTION ( 'NONE',  ( 0.3420201433256648271, 0.9396926207859097602, 0.000000000000000000 ) ) ;
#1720 = CARTESIAN_POINT ( 'NONE',  ( 8.552241769656470538, -9.035644930949244369, 44.00000000000000000 ) ) ;
#1721 = CIRCLE ( 'NONE', #1684, 4.000000000000000000 ) ;
#1722 = VECTOR ( 'NONE', #2511, 1000.000000000000114 ) ;
#1723 = EDGE_CURVE ( 'NONE', #2470, #2374, #1532, .T. ) ;
#1724 = VECTOR ( 'NONE', #1118, 1000.000000000000000 ) ;
#1725 = CARTESIAN_POINT ( 'NONE',  ( 7.000000000000000000, 4.000000000000000000, 4.000000000000000000 ) ) ;
#1726 = CARTESIAN_POINT ( 'NONE',  ( 15.78761611770007001, -12.54705248970295273, 0.000000000000000000 ) ) ;
#1727 = ORIENTED_EDGE ( 'NONE', *, *, #2579, .T. ) ;
#1728 = ADVANCED_FACE ( 'NONE', ( #1916 ), #1135, .T. ) ;
#1729 = FACE_OUTER_BOUND ( 'NONE', #311, .T. ) ;
#1730 = CIRCLE ( 'NONE', #1656, 3.175000000000005151 ) ;
#1731 = ORIENTED_EDGE ( 'NONE', *, *, #1007, .F. ) ;
#1732 = DIRECTION ( 'NONE',  ( -1.000000000000000000, 0.000000000000000000, 0.000000000000000000 ) ) ;
#1733 = CIRCLE ( 'NONE', #2492, 3.175000000000011369 ) ;
#1734 = DIRECTION ( 'NONE',  ( 0.000000000000000000, 0.000000000000000000, -1.000000000000000000 ) ) ;
#1735 = AXIS2_PLACEMENT_3D ( 'NONE', #1837, #718, #2145 ) ;
#1736 = VERTEX_POINT ( 'NONE', #91 ) ;
#1737 = DIRECTION ( 'NONE',  ( 0.3420201433256644941, 0.9396926207859097602, 0.000000000000000000 ) ) ;
#1738 = DIRECTION ( 'NONE',  ( -1.000000000000000000, -0.000000000000000000, -0.000000000000000000 ) ) ;
#1739 = LINE ( 'NONE', #2177, #13 ) ;
#1740 = ADVANCED_FACE ( 'NONE', ( #1343, #276 ), #943, .T. ) ;
#1741 = EDGE_LOOP ( 'NONE', ( #2120, #993, #1420, #1209 ) ) ;
#1742 = DIRECTION ( 'NONE',  ( 1.000000000000000000, 0.000000000000000000, 0.000000000000000000 ) ) ;
#1743 = EDGE_CURVE ( 'NONE', #1126, #436, #1904, .T. ) ;
#1744 = ORIENTED_EDGE ( 'NONE', *, *, #1528, .T. ) ;
#1745 = LINE ( 'NONE', #2345, #1129 ) ;
#1746 = CARTESIAN_POINT ( 'NONE',  ( 8.000000000000000000, 1.142300877492397060, -2.022275739927490931E-32 ) ) ;
#1747 = DIRECTION ( 'NONE',  ( 1.000000000000000000, 0.000000000000000000, 0.000000000000000000 ) ) ;
#1748 = EDGE_LOOP ( 'NONE', ( #347, #2097, #1986, #781 ) ) ;
#1749 = PLANE ( 'NONE',  #1735 ) ;
#1750 = CARTESIAN_POINT ( 'NONE',  ( 11.44999971098181035, -3.997924820275590374, -4.000000000000000000 ) ) ;
#1751 = CARTESIAN_POINT ( 'NONE',  ( 15.78761611770005935, -12.54705248970294917, 12.00000000000000000 ) ) ;
#1752 = EDGE_CURVE ( 'NONE', #1072, #1188, #241, .T. ) ;
#1753 = VERTEX_POINT ( 'NONE', #1696 ) ;
#1754 = DIRECTION ( 'NONE',  ( 0.9396926207859098712, -0.3420201433256648826, 0.000000000000000000 ) ) ;
#1755 = VERTEX_POINT ( 'NONE', #725 ) ;
#1756 = CARTESIAN_POINT ( 'NONE',  ( 0.000000000000000000, -0.000000000000000000, 8.000000000000000000 ) ) ;
#1757 = CARTESIAN_POINT ( 'NONE',  ( 10.72406967977444303, -3.068596788958727117, 44.00000000000000000 ) ) ;
#1758 = DIRECTION ( 'NONE',  ( 1.000000000000000000, 0.000000000000000000, 0.000000000000000000 ) ) ;
#1759 = AXIS2_PLACEMENT_3D ( 'NONE', #1465, #1039, #2255 ) ;
#1760 = DIRECTION ( 'NONE',  ( 0.000000000000000000, 0.000000000000000000, 1.000000000000000000 ) ) ;
#1761 = VERTEX_POINT ( 'NONE', #499 ) ;
#1762 =( GEOMETRIC_REPRESENTATION_CONTEXT ( 3 ) GLOBAL_UNCERTAINTY_ASSIGNED_CONTEXT ( ( #1089 ) ) GLOBAL_UNIT_ASSIGNED_CONTEXT ( ( #133, #867, #947 ) ) REPRESENTATION_CONTEXT ( 'NONE', 'WORKASPACE' ) );
#1763 = VECTOR ( 'NONE', #513, 999.9999999999998863 ) ;
#1764 = CIRCLE ( 'NONE', #1808, 3.175000000000011369 ) ;
#1765 = DIRECTION ( 'NONE',  ( -0.9396926207859097602, 0.3420201433256653822, -0.000000000000000000 ) ) ;
#1766 = CIRCLE ( 'NONE', #244, 2.550000000000002043 ) ;
#1767 = DIRECTION ( 'NONE',  ( -0.9396926207859098712, 0.3420201433256648826, -0.000000000000000000 ) ) ;
#1768 = CARTESIAN_POINT ( 'NONE',  ( 1.000000000000000000, 92.00000000000000000, 28.00000000000000000 ) ) ;
#1769 = EDGE_LOOP ( 'NONE', ( #167, #1376, #40, #1575 ) ) ;
#1770 = CARTESIAN_POINT ( 'NONE',  ( 1.000000000000000000, 52.00000000000000711, 4.000000000000000000 ) ) ;
#1771 = VERTEX_POINT ( 'NONE', #686 ) ;
#1772 = LINE ( 'NONE', #2360, #965 ) ;
#1773 = VERTEX_POINT ( 'NONE', #1121 ) ;
#1774 = DIRECTION ( 'NONE',  ( 0.000000000000000000, 0.000000000000000000, 1.000000000000000000 ) ) ;
#1775 = DIRECTION ( 'NONE',  ( 1.000000000000000000, -0.000000000000000000, -0.000000000000000000 ) ) ;
#1776 = VERTEX_POINT ( 'NONE', #2114 ) ;
#1777 = VECTOR ( 'NONE', #197, 999.9999999999998863 ) ;
#1778 = AXIS2_PLACEMENT_3D ( 'NONE', #963, #2224, #10 ) ;
#1779 = EDGE_CURVE ( 'NONE', #1940, #2207, #511, .T. ) ;
#1780 = ADVANCED_FACE ( 'NONE', ( #129 ), #533, .T. ) ;
#1781 = CARTESIAN_POINT ( 'NONE',  ( 0.000000000000000000, 0.000000000000000000, 0.000000000000000000 ) ) ;
#1782 = AXIS2_PLACEMENT_3D ( 'NONE', #969, #2571, #1983 ) ;
#1783 = LINE ( 'NONE', #2381, #2397 ) ;
#1784 = CARTESIAN_POINT ( 'NONE',  ( 15.78761611770007001, -12.54705248970295273, -4.000000000000000000 ) ) ;
#1785 = ORIENTED_EDGE ( 'NONE', *, *, #788, .T. ) ;
#1786 = CARTESIAN_POINT ( 'NONE',  ( 1.000000000000000000, 4.000000000000000000, 4.000000000000000000 ) ) ;
#1787 = ORIENTED_EDGE ( 'NONE', *, *, #1083, .F. ) ;
#1788 = FACE_OUTER_BOUND ( 'NONE', #1075, .T. ) ;
#1789 = VERTEX_POINT ( 'NONE', #1086 ) ;
#1790 = CARTESIAN_POINT ( 'NONE',  ( 7.000000000000000000, 92.00000000000000000, 31.17500000000001137 ) ) ;
#1791 = DIRECTION ( 'NONE',  ( 1.445602896647339163E-16, -7.228014483236695816E-17, 1.000000000000000000 ) ) ;
#1792 = ORIENTED_EDGE ( 'NONE', *, *, #893, .F. ) ;
#1793 = EDGE_CURVE ( 'NONE', #2039, #110, #2347, .T. ) ;
#1794 = DIRECTION ( 'NONE',  ( -1.000000000000000000, -0.000000000000000000, -0.000000000000000000 ) ) ;
#1795 = CARTESIAN_POINT ( 'NONE',  ( 7.000000000000000000, 52.00000000000000711, 4.000000000000000000 ) ) ;
#1796 = ORIENTED_EDGE ( 'NONE', *, *, #253, .F. ) ;
#1797 = DIRECTION ( 'NONE',  ( 0.000000000000000000, 0.000000000000000000, 1.000000000000000000 ) ) ;
#1798 = VERTEX_POINT ( 'NONE', #78 ) ;
#1799 = DIRECTION ( 'NONE',  ( 0.9396926207859096492, -0.3420201433256653822, 0.000000000000000000 ) ) ;
#1800 = VERTEX_POINT ( 'NONE', #889 ) ;
#1801 = LINE ( 'NONE', #387, #805 ) ;
#1802 = DIRECTION ( 'NONE',  ( -1.000000000000000000, -0.000000000000000000, -0.000000000000000000 ) ) ;
#1803 = ORIENTED_EDGE ( 'NONE', *, *, #1476, .F. ) ;
#1804 = ORIENTED_EDGE ( 'NONE', *, *, #735, .T. ) ;
#1805 = EDGE_CURVE ( 'NONE', #1798, #798, #2610, .T. ) ;
#1806 = VECTOR ( 'NONE', #1681, 1000.000000000000114 ) ;
#1807 = CARTESIAN_POINT ( 'NONE',  ( 0.000000000000000000, 36.00000000000000711, 0.8249999999999949596 ) ) ;
#1808 = AXIS2_PLACEMENT_3D ( 'NONE', #833, #1218, #2478 ) ;
#1809 = DIRECTION ( 'NONE',  ( -1.000000000000000000, -0.000000000000000000, -0.000000000000000000 ) ) ;
#1810 = ORIENTED_EDGE ( 'NONE', *, *, #1251, .T. ) ;
#1811 = CIRCLE ( 'NONE', #1979, 2.549999999999993161 ) ;
#1812 = DIRECTION ( 'NONE',  ( 0.3420201433256652157, 0.9396926207859097602, 0.000000000000000000 ) ) ;
#1813 = ADVANCED_FACE ( 'NONE', ( #1494 ), #2124, .F. ) ;
#1814 = ORIENTED_EDGE ( 'NONE', *, *, #2611, .F. ) ;
#1815 = ADVANCED_FACE ( 'NONE', ( #1729 ), #2295, .F. ) ;
#1816 = LINE ( 'NONE', #811, #1127 ) ;
#1817 = ORIENTED_EDGE ( 'NONE', *, *, #2562, .F. ) ;
#1818 = CARTESIAN_POINT ( 'NONE',  ( 0.000000000000000000, -0.000000000000000000, 32.00000000000000000 ) ) ;
#1819 = LINE ( 'NONE', #2424, #2069 ) ;
#1820 = ORIENTED_EDGE ( 'NONE', *, *, #568, .F. ) ;
#1821 = ORIENTED_EDGE ( 'NONE', *, *, #1234, .T. ) ;
#1822 = CIRCLE ( 'NONE', #2150, 2.549999999999993161 ) ;
#1823 = VECTOR ( 'NONE', #2490, 1000.000000000000114 ) ;
#1824 = CIRCLE ( 'NONE', #2072, 3.175000000000011369 ) ;
#1825 = LINE ( 'NONE', #1613, #163 ) ;
#1826 = CIRCLE ( 'NONE', #2035, 2.549999999999993161 ) ;
#1827 = CARTESIAN_POINT ( 'NONE',  ( 11.66376230056035013, -3.410616932284398217, -4.000000000000000000 ) ) ;
#1828 = CARTESIAN_POINT ( 'NONE',  ( 7.000000000000000000, 52.00000000000000711, 6.550000000000005151 ) ) ;
#1829 = EDGE_CURVE ( 'NONE', #1072, #1566, #1098, .T. ) ;
#1830 = ORIENTED_EDGE ( 'NONE', *, *, #2613, .F. ) ;
#1831 = CYLINDRICAL_SURFACE ( 'NONE', #2303, 4.000000000000000000 ) ;
#1832 = VECTOR ( 'NONE', #1504, 999.9999999999998863 ) ;
#1833 = ORIENTED_EDGE ( 'NONE', *, *, #1805, .F. ) ;
#1834 = DIRECTION ( 'NONE',  ( -1.000000000000000000, 0.000000000000000000, 0.000000000000000000 ) ) ;
#1835 = EDGE_CURVE ( 'NONE', #1773, #2212, #1893, .T. ) ;
#1836 = ORIENTED_EDGE ( 'NONE', *, *, #1502, .F. ) ;
#1837 = CARTESIAN_POINT ( 'NONE',  ( 15.78761611770007001, -12.54705248970295273, 0.000000000000000000 ) ) ;
#1838 = DIRECTION ( 'NONE',  ( 0.3420201433256648271, 0.9396926207859097602, 0.000000000000000000 ) ) ;
#1839 = DIRECTION ( 'NONE',  ( -1.000000000000000000, -0.000000000000000000, -0.000000000000000000 ) ) ;
#1840 = DIRECTION ( 'NONE',  ( 0.3420201433256647161, 0.9396926207859097602, 0.000000000000000000 ) ) ;
#1841 = EDGE_CURVE ( 'NONE', #1755, #1163, #2135, .T. ) ;
#1842 = ORIENTED_EDGE ( 'NONE', *, *, #240, .T. ) ;
#1843 = CARTESIAN_POINT ( 'NONE',  ( 9.638155724715453232, -6.052120859953989296, -8.000000000000000000 ) ) ;
#1844 = DIRECTION ( 'NONE',  ( 0.000000000000000000, 0.000000000000000000, -1.000000000000000000 ) ) ;
#1845 = ORIENTED_EDGE ( 'NONE', *, *, #1162, .F. ) ;
#1846 = FACE_OUTER_BOUND ( 'NONE', #2432, .T. ) ;
#1847 = CIRCLE ( 'NONE', #1508, 3.174999999999996270 ) ;
#1848 = PLANE ( 'NONE',  #8 ) ;
#1849 = AXIS2_PLACEMENT_3D ( 'NONE', #1206, #953, #2149 ) ;
#1850 = AXIS2_PLACEMENT_3D ( 'NONE', #1111, #1919, #1719 ) ;
#1851 = LINE ( 'NONE', #260, #919 ) ;
#1852 = EDGE_LOOP ( 'NONE', ( #24, #456, #2595, #1006 ) ) ;
#1853 = AXIS2_PLACEMENT_3D ( 'NONE', #1884, #1924, #1096 ) ;
#1854 = DIRECTION ( 'NONE',  ( 0.000000000000000000, 0.000000000000000000, 1.000000000000000000 ) ) ;
#1855 = CARTESIAN_POINT ( 'NONE',  ( 15.78761611770007001, -12.54705248970295273, 44.00000000000000000 ) ) ;
#1856 = ORIENTED_EDGE ( 'NONE', *, *, #1287, .T. ) ;
#1857 = FACE_OUTER_BOUND ( 'NONE', #777, .T. ) ;
#1858 = EDGE_CURVE ( 'NONE', #1761, #1753, #1176, .T. ) ;
#1859 = DIRECTION ( 'NONE',  ( -0.9396926207859094271, 0.3420201433256657153, 0.000000000000000000 ) ) ;
#1860 = EDGE_CURVE ( 'NONE', #1149, #1493, #111, .T. ) ;
#1861 = CARTESIAN_POINT ( 'NONE',  ( 7.000000000000000000, 52.00000000000000711, 7.175000000000005151 ) ) ;
#1862 = VECTOR ( 'NONE', #1760, 1000.000000000000000 ) ;
#1863 = DIRECTION ( 'NONE',  ( 0.3420201433256646606, 0.9396926207859097602, 0.000000000000000000 ) ) ;
#1864 = CIRCLE ( 'NONE', #719, 3.175000000000011369 ) ;
#1865 = EDGE_LOOP ( 'NONE', ( #821, #510, #948, #1219 ) ) ;
#1866 = DIRECTION ( 'NONE',  ( 1.000000000000000000, 0.000000000000000000, 0.000000000000000000 ) ) ;
#1867 = CARTESIAN_POINT ( 'NONE',  ( 8.000000000000000000, 92.00000000000000000, 28.00000000000000000 ) ) ;
#1868 = ORIENTED_EDGE ( 'NONE', *, *, #266, .T. ) ;
#1869 = DIRECTION ( 'NONE',  ( -1.000000000000000000, -0.000000000000000000, -0.000000000000000000 ) ) ;
#1870 = EDGE_CURVE ( 'NONE', #987, #1519, #2385, .T. ) ;
#1871 = LINE ( 'NONE', #1960, #1929 ) ;
#1872 = PLANE ( 'NONE',  #2534 ) ;
#1873 = EDGE_LOOP ( 'NONE', ( #411, #1977 ) ) ;
#1874 = CYLINDRICAL_SURFACE ( 'NONE', #580, 4.000000000000000000 ) ;
#1875 = ORIENTED_EDGE ( 'NONE', *, *, #2140, .T. ) ;
#1876 = ORIENTED_EDGE ( 'NONE', *, *, #176, .F. ) ;
#1877 = DIRECTION ( 'NONE',  ( -0.3420201433256653267, -0.9396926207859096492, 0.000000000000000000 ) ) ;
#1878 = CARTESIAN_POINT ( 'NONE',  ( 7.000000000000000000, 92.00000000000000000, 28.00000000000000000 ) ) ;
#1879 = ORIENTED_EDGE ( 'NONE', *, *, #127, .F. ) ;
#1880 = FACE_OUTER_BOUND ( 'NONE', #495, .T. ) ;
#1881 = CARTESIAN_POINT ( 'NONE',  ( 0.000000000000000000, 96.00000000000001421, 28.00000000000000000 ) ) ;
#1882 = DIRECTION ( 'NONE',  ( 1.000000000000000000, -0.000000000000000000, 0.000000000000000000 ) ) ;
#1883 = VERTEX_POINT ( 'NONE', #2601 ) ;
#1884 = CARTESIAN_POINT ( 'NONE',  ( 15.78761611770007001, -12.54705248970295273, 0.000000000000000000 ) ) ;
#1885 = ADVANCED_FACE ( 'NONE', ( #2166 ), #182, .F. ) ;
#1886 = ORIENTED_EDGE ( 'NONE', *, *, #1935, .F. ) ;
#1887 = EDGE_LOOP ( 'NONE', ( #1305, #773 ) ) ;
#1888 = CARTESIAN_POINT ( 'NONE',  ( 14.76500678116174470, -3.661430950113004013, 12.00000000000000000 ) ) ;
#1889 = AXIS2_PLACEMENT_3D ( 'NONE', #1060, #1456, #54 ) ;
#1890 = DIRECTION ( 'NONE',  ( 0.000000000000000000, 0.000000000000000000, -1.000000000000000000 ) ) ;
#1891 = EDGE_CURVE ( 'NONE', #1914, #1366, #1933, .T. ) ;
#1892 = EDGE_CURVE ( 'NONE', #1883, #2207, #139, .T. ) ;
#1893 = CIRCLE ( 'NONE', #2058, 3.175000000000005151 ) ;
#1894 = VERTEX_POINT ( 'NONE', #1164 ) ;
#1895 = CARTESIAN_POINT ( 'NONE',  ( 7.000000000000000000, 75.99999999999998579, 30.54999999999999361 ) ) ;
#1896 = CIRCLE ( 'NONE', #661, 3.175000000000011369 ) ;
#1897 = CARTESIAN_POINT ( 'NONE',  ( 8.000000000000000000, 92.00000000000001421, 32.00000000000000000 ) ) ;
#1898 = PLANE ( 'NONE',  #2491 ) ;
#1899 = ORIENTED_EDGE ( 'NONE', *, *, #1404, .T. ) ;
#1900 = CARTESIAN_POINT ( 'NONE',  ( 8.000000000000000000, 92.00000000000000000, 24.82499999999998863 ) ) ;
#1901 = ORIENTED_EDGE ( 'NONE', *, *, #2468, .F. ) ;
#1902 = AXIS2_PLACEMENT_3D ( 'NONE', #1976, #2158, #1156 ) ;
#1903 = VECTOR ( 'NONE', #670, 1000.000000000000114 ) ;
#1904 = LINE ( 'NONE', #2101, #156 ) ;
#1905 = VECTOR ( 'NONE', #2592, 999.9999999999998863 ) ;
#1906 = VERTEX_POINT ( 'NONE', #193 ) ;
#1907 = AXIS2_PLACEMENT_3D ( 'NONE', #1427, #27, #1056 ) ;
#1908 = FACE_BOUND ( 'NONE', #2425, .T. ) ;
#1909 = EDGE_CURVE ( 'NONE', #1706, #306, #1721, .T. ) ;
#1910 = FACE_OUTER_BOUND ( 'NONE', #2282, .T. ) ;
#1911 = DIRECTION ( 'NONE',  ( -0.3420201433256652712, -0.9396926207859096492, 0.000000000000000000 ) ) ;
#1912 = ORIENTED_EDGE ( 'NONE', *, *, #2052, .F. ) ;
#1913 = CYLINDRICAL_SURFACE ( 'NONE', #75, 3.175000000000005151 ) ;
#1914 = VERTEX_POINT ( 'NONE', #1985 ) ;
#1915 = ORIENTED_EDGE ( 'NONE', *, *, #1202, .T. ) ;
#1916 = FACE_OUTER_BOUND ( 'NONE', #540, .T. ) ;
#1917 = ADVANCED_FACE ( 'NONE', ( #986 ), #792, .F. ) ;
#1918 = ORIENTED_EDGE ( 'NONE', *, *, #2081, .T. ) ;
#1919 = DIRECTION ( 'NONE',  ( -0.9396926207859098712, 0.3420201433256648826, -0.000000000000000000 ) ) ;
#1920 = CARTESIAN_POINT ( 'NONE',  ( 1.000000000000000000, 75.99999999999998579, 24.82499999999998863 ) ) ;
#1921 = ORIENTED_EDGE ( 'NONE', *, *, #2272, .F. ) ;
#1922 = ADVANCED_FACE ( 'NONE', ( #1013 ), #1968, .F. ) ;
#1923 = DIRECTION ( 'NONE',  ( 0.000000000000000000, 0.000000000000000000, 1.000000000000000000 ) ) ;
#1924 = DIRECTION ( 'NONE',  ( 0.9396926207859098712, -0.3420201433256648826, 0.000000000000000000 ) ) ;
#1925 = CARTESIAN_POINT ( 'NONE',  ( 0.000000000000000000, 92.00000000000001421, 24.00000000000000000 ) ) ;
#1926 = VERTEX_POINT ( 'NONE', #1617 ) ;
#1927 = DIRECTION ( 'NONE',  ( 0.9396926207859098712, -0.3420201433256648826, 0.000000000000000000 ) ) ;
#1928 = ORIENTED_EDGE ( 'NONE', *, *, #1974, .F. ) ;
#1929 = VECTOR ( 'NONE', #1139, 1000.000000000000000 ) ;
#1930 = AXIS2_PLACEMENT_3D ( 'NONE', #974, #2219, #2 ) ;
#1931 = CARTESIAN_POINT ( 'NONE',  ( 15.78761611770006290, -12.54705248970295095, 28.00000000000000000 ) ) ;
#1932 = CARTESIAN_POINT ( 'NONE',  ( 4.511304668269152884, -8.442810769794965253, 12.00000000000000000 ) ) ;
#1933 = CIRCLE ( 'NONE', #621, 2.550000000000000711 ) ;
#1934 = ORIENTED_EDGE ( 'NONE', *, *, #403, .F. ) ;
#1935 = EDGE_CURVE ( 'NONE', #19, #118, #967, .T. ) ;
#1936 = DIRECTION ( 'NONE',  ( 1.000000000000000000, 0.000000000000000000, 0.000000000000000000 ) ) ;
#1937 = EDGE_CURVE ( 'NONE', #765, #2516, #2307, .T. ) ;
#1938 = DIRECTION ( 'NONE',  ( 0.000000000000000000, 0.000000000000000000, 1.000000000000000000 ) ) ;
#1939 = DIRECTION ( 'NONE',  ( -1.000000000000000000, 0.000000000000000000, 0.000000000000000000 ) ) ;
#1940 = VERTEX_POINT ( 'NONE', #2557 ) ;
#1941 = DIRECTION ( 'NONE',  ( 0.3420201433256648271, 0.9396926207859097602, 0.000000000000000000 ) ) ;
#1942 = AXIS2_PLACEMENT_3D ( 'NONE', #399, #1593, #785 ) ;
#1943 = VERTEX_POINT ( 'NONE', #748 ) ;
#1944 = DIRECTION ( 'NONE',  ( -0.000000000000000000, 0.000000000000000000, 1.000000000000000000 ) ) ;
#1945 = AXIS2_PLACEMENT_3D ( 'NONE', #2160, #360, #2552 ) ;
#1946 = LINE ( 'NONE', #1497, #2032 ) ;
#1947 = CARTESIAN_POINT ( 'NONE',  ( 8.000000000000000000, 0.000000000000000000, 32.00000000000000000 ) ) ;
#1948 = ADVANCED_FACE ( 'NONE', ( #1558 ), #2357, .T. ) ;
#1949 = ORIENTED_EDGE ( 'NONE', *, *, #429, .T. ) ;
#1950 = ADVANCED_FACE ( 'NONE', ( #574, #1373 ), #154, .T. ) ;
#1951 = PLANE ( 'NONE',  #1778 ) ;
#1952 = AXIS2_PLACEMENT_3D ( 'NONE', #1292, #287, #900 ) ;
#1953 = DIRECTION ( 'NONE',  ( -1.000000000000000000, 0.000000000000000000, 0.000000000000000000 ) ) ;
#1954 = CARTESIAN_POINT ( 'NONE',  ( 7.000000000000000000, 4.000000000000000000, 7.175000000000005151 ) ) ;
#1955 = EDGE_LOOP ( 'NONE', ( #76, #647, #1168, #1185 ) ) ;
#1956 = DIRECTION ( 'NONE',  ( -0.9396926207859096492, 0.3420201433256653822, -0.000000000000000000 ) ) ;
#1957 = EDGE_LOOP ( 'NONE', ( #1876, #721 ) ) ;
#1958 = LINE ( 'NONE', #780, #447 ) ;
#1959 = DIRECTION ( 'NONE',  ( 1.000000000000000000, 0.000000000000000000, 0.000000000000000000 ) ) ;
#1960 = CARTESIAN_POINT ( 'NONE',  ( 8.000000000000000000, 4.000000000000000000, 6.550000000000000711 ) ) ;
#1961 = FACE_OUTER_BOUND ( 'NONE', #1955, .T. ) ;
#1962 = ORIENTED_EDGE ( 'NONE', *, *, #1538, .T. ) ;
#1963 = EDGE_LOOP ( 'NONE', ( #955, #126, #2493, #2248 ) ) ;
#1964 = DIRECTION ( 'NONE',  ( -0.3420201433256653267, -0.9396926207859096492, 0.000000000000000000 ) ) ;
#1965 = CARTESIAN_POINT ( 'NONE',  ( 1.000000000000000000, 92.00000000000000000, 28.00000000000000000 ) ) ;
#1966 = LINE ( 'NONE', #123, #128 ) ;
#1967 = ORIENTED_EDGE ( 'NONE', *, *, #2613, .T. ) ;
#1968 = CYLINDRICAL_SURFACE ( 'NONE', #1849, 3.174999999999997602 ) ;
#1969 = ORIENTED_EDGE ( 'NONE', *, *, #1528, .F. ) ;
#1970 = FACE_OUTER_BOUND ( 'NONE', #2532, .T. ) ;
#1971 = ORIENTED_EDGE ( 'NONE', *, *, #2225, .F. ) ;
#1972 = ADVANCED_FACE ( 'NONE', ( #380 ), #2179, .T. ) ;
#1973 = DIRECTION ( 'NONE',  ( -1.000000000000000000, 0.000000000000000000, 0.000000000000000000 ) ) ;
#1974 = EDGE_CURVE ( 'NONE', #2516, #64, #2074, .T. ) ;
#1975 = VECTOR ( 'NONE', #30, 1000.000000000000114 ) ;
#1976 = CARTESIAN_POINT ( 'NONE',  ( 18.52377726430538729, -5.029511523415673757, 28.00000000000000000 ) ) ;
#1977 = ORIENTED_EDGE ( 'NONE', *, *, #665, .F. ) ;
#1978 = AXIS2_PLACEMENT_3D ( 'NONE', #548, #602, #806 ) ;
#1979 = AXIS2_PLACEMENT_3D ( 'NONE', #2006, #1160, #1398 ) ;
#1980 = DIRECTION ( 'NONE',  ( 0.000000000000000000, 0.000000000000000000, 1.000000000000000000 ) ) ;
#1981 = VECTOR ( 'NONE', #2415, 1000.000000000000000 ) ;
#1982 = DIRECTION ( 'NONE',  ( 0.3420201433256648271, 0.9396926207859097602, 0.000000000000000000 ) ) ;
#1983 = DIRECTION ( 'NONE',  ( -0.3420201433256654933, -0.9396926207859095381, 0.000000000000000000 ) ) ;
#1984 = EDGE_LOOP ( 'NONE', ( #2604, #1290 ) ) ;
#1985 = CARTESIAN_POINT ( 'NONE',  ( 7.000000000000000000, 4.000000000000000000, 1.449999999999999512 ) ) ;
#1986 = ORIENTED_EDGE ( 'NONE', *, *, #1626, .T. ) ;
#1987 = DIRECTION ( 'NONE',  ( -1.000000000000000000, 0.000000000000000000, -0.000000000000000000 ) ) ;
#1988 = ORIENTED_EDGE ( 'NONE', *, *, #1701, .T. ) ;
#1989 = CARTESIAN_POINT ( 'NONE',  ( 18.52377726430538729, -5.029511523415673757, 0.000000000000000000 ) ) ;
#1990 = DIRECTION ( 'NONE',  ( 0.000000000000000000, 0.000000000000000000, 1.000000000000000000 ) ) ;
#1991 = ORIENTED_EDGE ( 'NONE', *, *, #2529, .T. ) ;
#1992 = VECTOR ( 'NONE', #1775, 1000.000000000000000 ) ;
#1993 = LINE ( 'NONE', #377, #2525 ) ;
#1994 = DIRECTION ( 'NONE',  ( 0.9396926207859097602, -0.3420201433256648271, -0.000000000000000000 ) ) ;
#1995 = ORIENTED_EDGE ( 'NONE', *, *, #2547, .T. ) ;
#1996 = DIRECTION ( 'NONE',  ( 1.000000000000000000, 0.000000000000000000, -0.000000000000000000 ) ) ;
#1997 = ORIENTED_EDGE ( 'NONE', *, *, #1858, .F. ) ;
#1998 = DIRECTION ( 'NONE',  ( 1.000000000000000000, -0.000000000000000000, -0.000000000000000000 ) ) ;
#1999 = ORIENTED_EDGE ( 'NONE', *, *, #815, .T. ) ;
#2000 = EDGE_CURVE ( 'NONE', #1163, #985, #1431, .T. ) ;
#2001 = CARTESIAN_POINT ( 'NONE',  ( 1.000000000000000000, 52.00000000000000711, 7.175000000000005151 ) ) ;
#2002 = CARTESIAN_POINT ( 'NONE',  ( 12.02884563455642564, -11.17897191640028076, 28.00000000000000000 ) ) ;
#2003 = ORIENTED_EDGE ( 'NONE', *, *, #415, .T. ) ;
#2004 = EDGE_CURVE ( 'NONE', #2301, #19, #641, .T. ) ;
#2005 = EDGE_CURVE ( 'NONE', #2266, #1776, #1679, .T. ) ;
#2006 = CARTESIAN_POINT ( 'NONE',  ( 7.000000000000000000, 75.99999999999998579, 28.00000000000000000 ) ) ;
#2007 = ADVANCED_FACE ( 'NONE', ( #1026 ), #454, .F. ) ;
#2008 = CARTESIAN_POINT ( 'NONE',  ( 8.000000000000000000, 64.00000000000000000, 27.99999999999999645 ) ) ;
#2009 = VERTEX_POINT ( 'NONE', #2025 ) ;
#2010 = DIRECTION ( 'NONE',  ( -1.000000000000000000, 0.000000000000000000, 0.000000000000000000 ) ) ;
#2011 = VERTEX_POINT ( 'NONE', #1667 ) ;
#2012 = DIRECTION ( 'NONE',  ( -0.000000000000000000, 1.445602896647338917E-16, 1.000000000000000000 ) ) ;
#2013 = ORIENTED_EDGE ( 'NONE', *, *, #1335, .T. ) ;
#2014 = DIRECTION ( 'NONE',  ( -1.000000000000000000, 0.000000000000000000, 0.000000000000000000 ) ) ;
#2015 = CARTESIAN_POINT ( 'NONE',  ( 8.000000000000000000, 75.99999999999998579, 31.17500000000001137 ) ) ;
#2016 = ORIENTED_EDGE ( 'NONE', *, *, #1669, .T. ) ;
#2017 = VECTOR ( 'NONE', #2171, 1000.000000000000000 ) ;
#2018 = AXIS2_PLACEMENT_3D ( 'NONE', #1560, #1196, #1619 ) ;
#2019 = EDGE_CURVE ( 'NONE', #1268, #1444, #284, .T. ) ;
#2020 = DIRECTION ( 'NONE',  ( -0.3420201433256657153, -0.9396926207859096492, 0.000000000000000000 ) ) ;
#2021 = AXIS2_PLACEMENT_3D ( 'NONE', #365, #1194, #1996 ) ;
#2022 = CARTESIAN_POINT ( 'NONE',  ( 8.000000000000000000, 0.000000000000000000, 0.000000000000000000 ) ) ;
#2023 = EDGE_CURVE ( 'NONE', #323, #710, #1851, .T. ) ;
#2024 = AXIS2_PLACEMENT_3D ( 'NONE', #1037, #2045, #1840 ) ;
#2025 = CARTESIAN_POINT ( 'NONE',  ( 1.000000000000000000, 52.00000000000000711, 6.550000000000005151 ) ) ;
#2026 = ORIENTED_EDGE ( 'NONE', *, *, #211, .F. ) ;
#2027 = DIRECTION ( 'NONE',  ( 0.000000000000000000, 5.782411586589356653E-16, -1.000000000000000000 ) ) ;
#2028 = ORIENTED_EDGE ( 'NONE', *, *, #1935, .T. ) ;
#2029 = FACE_OUTER_BOUND ( 'NONE', #400, .T. ) ;
#2030 = ORIENTED_EDGE ( 'NONE', *, *, #2019, .T. ) ;
#2031 = PLANE ( 'NONE',  #807 ) ;
#2032 = VECTOR ( 'NONE', #316, 1000.000000000000114 ) ;
#2033 = EDGE_CURVE ( 'NONE', #2076, #53, #2060, .T. ) ;
#2034 = CARTESIAN_POINT ( 'NONE',  ( 1.000000000000000000, 92.00000000000000000, 28.00000000000000000 ) ) ;
#2035 = AXIS2_PLACEMENT_3D ( 'NONE', #2044, #431, #232 ) ;
#2036 = CARTESIAN_POINT ( 'NONE',  ( 8.000000000000000000, 60.00000000000000711, 8.000000000000000000 ) ) ;
#2037 = FACE_OUTER_BOUND ( 'NONE', #1321, .T. ) ;
#2038 = EDGE_LOOP ( 'NONE', ( #1912, #521 ) ) ;
#2039 = VERTEX_POINT ( 'NONE', #1242 ) ;
#2040 = DIRECTION ( 'NONE',  ( -1.000000000000000000, 0.000000000000000000, 0.000000000000000000 ) ) ;
#2041 = DIRECTION ( 'NONE',  ( 0.9396926207859096492, -0.3420201433256653822, 0.000000000000000000 ) ) ;
#2042 = EDGE_LOOP ( 'NONE', ( #1879, #2497, #1327, #1868 ) ) ;
#2043 = DIRECTION ( 'NONE',  ( 0.000000000000000000, 0.000000000000000000, 1.000000000000000000 ) ) ;
#2044 = CARTESIAN_POINT ( 'NONE',  ( 1.000000000000000000, 92.00000000000000000, 28.00000000000000000 ) ) ;
#2045 = DIRECTION ( 'NONE',  ( 0.9396926207859098712, -0.3420201433256648826, -0.000000000000000000 ) ) ;
#2046 = ORIENTED_EDGE ( 'NONE', *, *, #2265, .T. ) ;
#2047 = DIRECTION ( 'NONE',  ( -0.9396926207859095381, 0.3420201433256653822, 0.000000000000000000 ) ) ;
#2048 = CARTESIAN_POINT ( 'NONE',  ( 8.000000000000000000, 92.00000000000000000, 25.45000000000000639 ) ) ;
#2049 = ADVANCED_FACE ( 'NONE', ( #2446 ), #1657, .F. ) ;
#2050 = VERTEX_POINT ( 'NONE', #1828 ) ;
#2051 = FILL_AREA_STYLE ('',( #426 ) ) ;
#2052 = EDGE_CURVE ( 'NONE', #1566, #138, #1764, .T. ) ;
#2053 = EDGE_CURVE ( 'NONE', #2558, #2476, #1599, .T. ) ;
#2054 = CYLINDRICAL_SURFACE ( 'NONE', #1515, 4.000000000000000000 ) ;
#2055 = AXIS2_PLACEMENT_3D ( 'NONE', #960, #2472, #1276 ) ;
#2056 = AXIS2_PLACEMENT_3D ( 'NONE', #617, #835, #1866 ) ;
#2057 = DIRECTION ( 'NONE',  ( -1.000000000000000000, 0.000000000000000000, 0.000000000000000000 ) ) ;
#2058 = AXIS2_PLACEMENT_3D ( 'NONE', #2524, #1320, #2535 ) ;
#2059 = VECTOR ( 'NONE', #1322, 1000.000000000000000 ) ;
#2060 = LINE ( 'NONE', #1429, #1257 ) ;
#2061 = ORIENTED_EDGE ( 'NONE', *, *, #568, .T. ) ;
#2062 = CIRCLE ( 'NONE', #1019, 3.174999999999993605 ) ;
#2063 = CARTESIAN_POINT ( 'NONE',  ( 15.13009011515783797, -11.42978593422891542, -4.000000000000000000 ) ) ;
#2064 = DIRECTION ( 'NONE',  ( 0.000000000000000000, 0.000000000000000000, -1.000000000000000000 ) ) ;
#2065 = EDGE_CURVE ( 'NONE', #1926, #2400, #2262, .T. ) ;
#2066 = EDGE_LOOP ( 'NONE', ( #928, #819, #2434, #1281 ) ) ;
#2067 = DIRECTION ( 'NONE',  ( 0.000000000000000000, 0.000000000000000000, 1.000000000000000000 ) ) ;
#2068 = DIRECTION ( 'NONE',  ( 0.3420201433256644941, 0.9396926207859097602, 0.000000000000000000 ) ) ;
#2069 = VECTOR ( 'NONE', #1791, 1000.000000000000000 ) ;
#2070 = FACE_OUTER_BOUND ( 'NONE', #1395, .T. ) ;
#2071 = VECTOR ( 'NONE', #731, 1000.000000000000000 ) ;
#2072 = AXIS2_PLACEMENT_3D ( 'NONE', #443, #2433, #828 ) ;
#2073 = VERTEX_POINT ( 'NONE', #2429 ) ;
#2074 = LINE ( 'NONE', #651, #1052 ) ;
#2075 = CIRCLE ( 'NONE', #544, 3.175000000000005151 ) ;
#2076 = VERTEX_POINT ( 'NONE', #823 ) ;
#2077 = DIRECTION ( 'NONE',  ( 0.3420201433256657708, 0.9396926207859095381, 0.000000000000000000 ) ) ;
#2078 = DIRECTION ( 'NONE',  ( 0.000000000000000000, 0.000000000000000000, -1.000000000000000000 ) ) ;
#2079 = ORIENTED_EDGE ( 'NONE', *, *, #2019, .F. ) ;
#2080 = LINE ( 'NONE', #265, #1903 ) ;
#2081 = EDGE_CURVE ( 'NONE', #1444, #1268, #532, .T. ) ;
#2082 = EDGE_CURVE ( 'NONE', #118, #19, #1220, .T. ) ;
#2083 = DIRECTION ( 'NONE',  ( 0.000000000000000000, 0.000000000000000000, -1.000000000000000000 ) ) ;
#2084 = CYLINDRICAL_SURFACE ( 'NONE', #1695, 2.549999999999998490 ) ;
#2085 = ORIENTED_EDGE ( 'NONE', *, *, #1165, .F. ) ;
#2086 = EDGE_CURVE ( 'NONE', #2133, #1268, #1442, .T. ) ;
#2087 = CARTESIAN_POINT ( 'NONE',  ( 8.000000000000000000, 75.99999999999998579, 30.54999999999999361 ) ) ;
#2088 = ORIENTED_EDGE ( 'NONE', *, *, #644, .T. ) ;
#2089 = CARTESIAN_POINT ( 'NONE',  ( 8.270075151412791925, -9.810891343097621231, -8.000000000000000000 ) ) ;
#2090 = DIRECTION ( 'NONE',  ( -1.000000000000000000, -0.000000000000000000, -0.000000000000000000 ) ) ;
#2091 = EDGE_LOOP ( 'NONE', ( #2194, #1833 ) ) ;
#2092 = CARTESIAN_POINT ( 'NONE',  ( 12.02884563455642564, -11.17897191640028076, 32.00000000000000000 ) ) ;
#2093 = CYLINDRICAL_SURFACE ( 'NONE', #1481, 3.999999999999999112 ) ;
#2094 = ADVANCED_FACE ( 'NONE', ( #2037 ), #223, .F. ) ;
#2095 = VERTEX_POINT ( 'NONE', #28 ) ;
#2096 = DIRECTION ( 'NONE',  ( -0.3420201433256654933, -0.9396926207859095381, 0.000000000000000000 ) ) ;
#2097 = ORIENTED_EDGE ( 'NONE', *, *, #1309, .T. ) ;
#2098 = ADVANCED_FACE ( 'NONE', ( #52 ), #1874, .T. ) ;
#2099 = AXIS2_PLACEMENT_3D ( 'NONE', #1786, #778, #1574 ) ;
#2100 = AXIS2_PLACEMENT_3D ( 'NONE', #1546, #1732, #114 ) ;
#2101 = CARTESIAN_POINT ( 'NONE',  ( 14.76500678116174825, -3.661430950113005345, 32.00000000000000000 ) ) ;
#2102 = VECTOR ( 'NONE', #101, 1000.000000000000000 ) ;
#2103 = ORIENTED_EDGE ( 'NONE', *, *, #1308, .F. ) ;
#2104 = DIRECTION ( 'NONE',  ( -0.3420201433256654378, -0.9396926207859096492, 0.000000000000000000 ) ) ;
#2105 = AXIS2_PLACEMENT_3D ( 'NONE', #709, #1738, #1503 ) ;
#2106 = DIRECTION ( 'NONE',  ( -0.9396926207859097602, 0.3420201433256653822, -0.000000000000000000 ) ) ;
#2107 = CARTESIAN_POINT ( 'NONE',  ( 0.000000000000000000, 60.00000000000000711, 8.000000000000000000 ) ) ;
#2108 = EDGE_LOOP ( 'NONE', ( #829, #723, #1618, #1047 ) ) ;
#2109 = EDGE_CURVE ( 'NONE', #1519, #1385, #373, .T. ) ;
#2110 = DIRECTION ( 'NONE',  ( -1.000000000000000000, -0.000000000000000000, -0.000000000000000000 ) ) ;
#2111 = ORIENTED_EDGE ( 'NONE', *, *, #2213, .F. ) ;
#2112 = CIRCLE ( 'NONE', #462, 2.550000000000000711 ) ;
#2113 = VECTOR ( 'NONE', #332, 1000.000000000000000 ) ;
#2114 = CARTESIAN_POINT ( 'NONE',  ( 17.08815543569727069, -6.050045680229580114, -4.000000000000000000 ) ) ;
#2115 = ORIENTED_EDGE ( 'NONE', *, *, #1393, .F. ) ;
#2116 = DIRECTION ( 'NONE',  ( 0.000000000000000000, 0.000000000000000000, 1.000000000000000000 ) ) ;
#2117 = EDGE_CURVE ( 'NONE', #17, #2587, #320, .T. ) ;
#2118 = DIRECTION ( 'NONE',  ( -0.9396926207859096492, 0.3420201433256653822, -0.000000000000000000 ) ) ;
#2119 = DIRECTION ( 'NONE',  ( 0.000000000000000000, 0.000000000000000000, -1.000000000000000000 ) ) ;
#2120 = ORIENTED_EDGE ( 'NONE', *, *, #2529, .F. ) ;
#2121 = DIRECTION ( 'NONE',  ( 1.000000000000000000, 0.000000000000000000, 0.000000000000000000 ) ) ;
#2122 = EDGE_LOOP ( 'NONE', ( #864, #1490 ) ) ;
#2123 = EDGE_LOOP ( 'NONE', ( #1830, #1591, #1995, #1810, #303, #853, #970, #2013, #1134, #441, #1561, #1310, #1915, #1999 ) ) ;
#2124 = CYLINDRICAL_SURFACE ( 'NONE', #489, 2.549999999999993161 ) ;
#2125 = ORIENTED_EDGE ( 'NONE', *, *, #2461, .F. ) ;
#2126 = CARTESIAN_POINT ( 'NONE',  ( 1.000000000000000000, 92.00000000000000000, 30.54999999999999361 ) ) ;
#2127 = ADVANCED_FACE ( 'NONE', ( #2518 ), #2292, .F. ) ;
#2128 = DIRECTION ( 'NONE',  ( 0.3420201433256652157, 0.9396926207859097602, 0.000000000000000000 ) ) ;
#2129 = EDGE_CURVE ( 'NONE', #787, #1668, #1475, .T. ) ;
#2130 = ORIENTED_EDGE ( 'NONE', *, *, #348, .T. ) ;
#2131 = CARTESIAN_POINT ( 'NONE',  ( 15.78761611770006290, -12.54705248970294384, 32.00000000000000000 ) ) ;
#2132 = DIRECTION ( 'NONE',  ( -1.000000000000000000, -0.000000000000000000, -0.000000000000000000 ) ) ;
#2133 = VERTEX_POINT ( 'NONE', #899 ) ;
#2134 = ORIENTED_EDGE ( 'NONE', *, *, #1458, .F. ) ;
#2135 = LINE ( 'NONE', #1182, #413 ) ;
#2136 = EDGE_CURVE ( 'NONE', #825, #2476, #2506, .T. ) ;
#2137 = ORIENTED_EDGE ( 'NONE', *, *, #1165, .T. ) ;
#2138 = AXIS2_PLACEMENT_3D ( 'NONE', #2431, #2232, #2077 ) ;
#2139 = CARTESIAN_POINT ( 'NONE',  ( 7.000000000000000000, 92.00000000000000000, 28.00000000000000000 ) ) ;
#2140 = EDGE_CURVE ( 'NONE', #1714, #1416, #972, .T. ) ;
#2141 = CYLINDRICAL_SURFACE ( 'NONE', #1396, 3.174999999999995381 ) ;
#2142 = PLANE ( 'NONE',  #279 ) ;
#2143 = AXIS2_PLACEMENT_3D ( 'NONE', #1965, #1555, #1582 ) ;
#2144 = ORIENTED_EDGE ( 'NONE', *, *, #1891, .F. ) ;
#2145 = DIRECTION ( 'NONE',  ( 0.9396926207859095381, -0.3420201433256655488, 0.000000000000000000 ) ) ;
#2146 = CYLINDRICAL_SURFACE ( 'NONE', #2143, 3.175000000000011369 ) ;
#2147 = DIRECTION ( 'NONE',  ( 0.000000000000000000, 0.000000000000000000, -1.000000000000000000 ) ) ;
#2148 = ORIENTED_EDGE ( 'NONE', *, *, #2082, .T. ) ;
#2149 = DIRECTION ( 'NONE',  ( 0.3420201433256644941, 0.9396926207859097602, 0.000000000000000000 ) ) ;
#2150 = AXIS2_PLACEMENT_3D ( 'NONE', #1621, #976, #2170 ) ;
#2151 = VERTEX_POINT ( 'NONE', #517 ) ;
#2152 = LINE ( 'NONE', #1535, #968 ) ;
#2153 = AXIS2_PLACEMENT_3D ( 'NONE', #818, #1765, #1964 ) ;
#2154 = AXIS2_PLACEMENT_3D ( 'NONE', #1237, #1457, #2256 ) ;
#2155 = DIRECTION ( 'NONE',  ( 0.9396926207859095381, -0.3420201433256658263, 0.000000000000000000 ) ) ;
#2156 = FACE_OUTER_BOUND ( 'NONE', #1887, .T. ) ;
#2157 = AXIS2_PLACEMENT_3D ( 'NONE', #1439, #1809, #1249 ) ;
#2158 = DIRECTION ( 'NONE',  ( -0.3420201433256657153, -0.9396926207859096492, 0.000000000000000000 ) ) ;
#2159 = ORIENTED_EDGE ( 'NONE', *, *, #1309, .F. ) ;
#2160 = CARTESIAN_POINT ( 'NONE',  ( 1.000000000000000000, 4.000000000000000000, 4.000000000000000000 ) ) ;
#2161 = CARTESIAN_POINT ( 'NONE',  ( 8.000000000000000000, 68.00000000000000000, 28.00000000000000000 ) ) ;
#2162 = DIRECTION ( 'NONE',  ( 1.000000000000000000, -0.000000000000000000, -0.000000000000000000 ) ) ;
#2163 = EDGE_CURVE ( 'NONE', #2315, #987, #1386, .T. ) ;
#2164 = ORIENTED_EDGE ( 'NONE', *, *, #446, .T. ) ;
#2165 = ADVANCED_FACE ( 'NONE', ( #1081, #73 ), #1326, .T. ) ;
#2166 = FACE_OUTER_BOUND ( 'NONE', #1748, .T. ) ;
#2167 = ORIENTED_EDGE ( 'NONE', *, *, #755, .T. ) ;
#2168 = FACE_OUTER_BOUND ( 'NONE', #2479, .T. ) ;
#2169 = ORIENTED_EDGE ( 'NONE', *, *, #1277, .F. ) ;
#2170 = DIRECTION ( 'NONE',  ( 0.000000000000000000, 0.000000000000000000, 1.000000000000000000 ) ) ;
#2171 = DIRECTION ( 'NONE',  ( 0.000000000000000000, 1.000000000000000000, 0.000000000000000000 ) ) ;
#2172 = LINE ( 'NONE', #1579, #2392 ) ;
#2173 = ORIENTED_EDGE ( 'NONE', *, *, #2117, .F. ) ;
#2174 = EDGE_LOOP ( 'NONE', ( #1069, #2085 ) ) ;
#2175 = FACE_BOUND ( 'NONE', #575, .T. ) ;
#2176 = DIRECTION ( 'NONE',  ( 0.9396926207859096492, -0.3420201433256657153, 0.000000000000000000 ) ) ;
#2177 = CARTESIAN_POINT ( 'NONE',  ( 15.78761611770007001, -12.54705248970295273, 0.000000000000000000 ) ) ;
#2178 = EDGE_LOOP ( 'NONE', ( #2159, #1522, #1021, #1379 ) ) ;
#2179 = PLANE ( 'NONE',  #2021 ) ;
#2180 = ORIENTED_EDGE ( 'NONE', *, *, #2611, .T. ) ;
#2181 = DIRECTION ( 'NONE',  ( 0.3420201433256652157, 0.9396926207859097602, 0.000000000000000000 ) ) ;
#2182 = ORIENTED_EDGE ( 'NONE', *, *, #2567, .F. ) ;
#2183 = LINE ( 'NONE', #799, #1905 ) ;
#2184 = CARTESIAN_POINT ( 'NONE',  ( 8.000000000000000000, 92.00000000000001421, 28.00000000000000000 ) ) ;
#2185 = ORIENTED_EDGE ( 'NONE', *, *, #1743, .F. ) ;
#2186 = AXIS2_PLACEMENT_3D ( 'NONE', #1770, #2373, #1797 ) ;
#2187 = AXIS2_PLACEMENT_3D ( 'NONE', #1054, #2435, #1286 ) ;
#2188 = AXIS2_PLACEMENT_3D ( 'NONE', #681, #469, #87 ) ;
#2189 = FACE_OUTER_BOUND ( 'NONE', #1171, .T. ) ;
#2190 = CARTESIAN_POINT ( 'NONE',  ( 7.000000000000000000, 36.00000000000000711, 4.000000000000000000 ) ) ;
#2191 = ADVANCED_FACE ( 'NONE', ( #885 ), #1132, .F. ) ;
#2192 = ORIENTED_EDGE ( 'NONE', *, *, #480, .T. ) ;
#2193 = CARTESIAN_POINT ( 'NONE',  ( 6.631919426697336917, -4.957940330304785093, -4.000000000000000000 ) ) ;
#2194 = ORIENTED_EDGE ( 'NONE', *, *, #227, .F. ) ;
#2195 = CYLINDRICAL_SURFACE ( 'NONE', #199, 4.000000000000000000 ) ;
#2196 = ORIENTED_EDGE ( 'NONE', *, *, #240, .F. ) ;
#2197 = CARTESIAN_POINT ( 'NONE',  ( 7.000000000000000000, 92.00000000000000000, 28.00000000000000000 ) ) ;
#2198 = DIRECTION ( 'NONE',  ( 0.3420201433256648826, 0.9396926207859097602, 0.000000000000000000 ) ) ;
#2199 = ORIENTED_EDGE ( 'NONE', *, *, #2272, .T. ) ;
#2200 = EDGE_CURVE ( 'NONE', #138, #1566, #923, .T. ) ;
#2201 = CIRCLE ( 'NONE', #1101, 3.175000000000005151 ) ;
#2202 = CIRCLE ( 'NONE', #47, 3.175000000000011369 ) ;
#2203 = CARTESIAN_POINT ( 'NONE',  ( 0.000000000000000000, 92.00000000000001421, 28.00000000000000000 ) ) ;
#2204 = DIRECTION ( 'NONE',  ( -1.000000000000000000, 0.000000000000000000, 0.000000000000000000 ) ) ;
#2205 = VERTEX_POINT ( 'NONE', #1900 ) ;
#2206 = CARTESIAN_POINT ( 'NONE',  ( 18.52377726430538729, -5.029511523415673757, 0.000000000000000000 ) ) ;
#2207 = VERTEX_POINT ( 'NONE', #1713 ) ;
#2208 = DIRECTION ( 'NONE',  ( 0.9396926207859098712, -0.3420201433256648826, -0.000000000000000000 ) ) ;
#2209 = ORIENTED_EDGE ( 'NONE', *, *, #893, .T. ) ;
#2210 = DIRECTION ( 'NONE',  ( -1.000000000000000000, -0.000000000000000000, -0.000000000000000000 ) ) ;
#2211 = DIRECTION ( 'NONE',  ( 0.000000000000000000, 0.000000000000000000, -1.000000000000000000 ) ) ;
#2212 = VERTEX_POINT ( 'NONE', #2279 ) ;
#2213 = EDGE_CURVE ( 'NONE', #1906, #834, #708, .T. ) ;
#2214 = EDGE_CURVE ( 'NONE', #2459, #314, #2568, .T. ) ;
#2215 = DIRECTION ( 'NONE',  ( 0.000000000000000000, 0.000000000000000000, 1.000000000000000000 ) ) ;
#2216 = DIRECTION ( 'NONE',  ( -0.3420201433256658263, -0.9396926207859095381, 0.000000000000000000 ) ) ;
#2217 = CARTESIAN_POINT ( 'NONE',  ( 8.000000000000000000, 75.99999999999998579, 28.00000000000000000 ) ) ;
#2218 = ORIENTED_EDGE ( 'NONE', *, *, #1547, .T. ) ;
#2219 = DIRECTION ( 'NONE',  ( 1.000000000000000000, 0.000000000000000000, 0.000000000000000000 ) ) ;
#2220 = EDGE_LOOP ( 'NONE', ( #1530, #1803 ) ) ;
#2221 = CARTESIAN_POINT ( 'NONE',  ( 0.000000000000000000, 64.00000000000001421, 12.00000000000000178 ) ) ;
#2222 = CARTESIAN_POINT ( 'NONE',  ( 0.000000000000000000, 0.000000000000000000, 0.000000000000000000 ) ) ;
#2223 = ORIENTED_EDGE ( 'NONE', *, *, #51, .F. ) ;
#2224 = DIRECTION ( 'NONE',  ( 0.9396926207859098712, -0.3420201433256648826, 0.000000000000000000 ) ) ;
#2225 = EDGE_CURVE ( 'NONE', #1755, #1243, #1435, .T. ) ;
#2226 = AXIS2_PLACEMENT_3D ( 'NONE', #18, #1253, #1877 ) ;
#2227 = PLANE ( 'NONE',  #1554 ) ;
#2228 = CARTESIAN_POINT ( 'NONE',  ( 8.000000000000000000, 4.000000000000000000, 4.000000000000000000 ) ) ;
#2229 = AXIS2_PLACEMENT_3D ( 'NONE', #1250, #1057, #2230 ) ;
#2230 = DIRECTION ( 'NONE',  ( 0.3420201433256652157, 0.9396926207859097602, 0.000000000000000000 ) ) ;
#2231 = ORIENTED_EDGE ( 'NONE', *, *, #2324, .F. ) ;
#2232 = DIRECTION ( 'NONE',  ( 0.9396926207859095381, -0.3420201433256655488, 0.000000000000000000 ) ) ;
#2233 = ORIENTED_EDGE ( 'NONE', *, *, #1536, .F. ) ;
#2234 = CARTESIAN_POINT ( 'NONE',  ( 7.000000000000000000, 92.00000000000000000, 28.00000000000000000 ) ) ;
#2235 = EDGE_LOOP ( 'NONE', ( #1166, #1097 ) ) ;
#2236 = DIRECTION ( 'NONE',  ( 0.3420201433256644941, 0.9396926207859097602, 0.000000000000000000 ) ) ;
#2237 = CIRCLE ( 'NONE', #1025, 3.999999999999999556 ) ;
#2238 = AXIS2_PLACEMENT_3D ( 'NONE', #307, #258, #477 ) ;
#2239 = VECTOR ( 'NONE', #2090, 1000.000000000000000 ) ;
#2240 = DIRECTION ( 'NONE',  ( 0.9396926207859098712, -0.3420201433256648826, 0.000000000000000000 ) ) ;
#2241 = AXIS2_PLACEMENT_3D ( 'NONE', #2190, #2340, #2147 ) ;
#2242 = FACE_OUTER_BOUND ( 'NONE', #1017, .T. ) ;
#2243 = CARTESIAN_POINT ( 'NONE',  ( 17.30191802527581046, -5.462737792238386625, -4.000000000000000000 ) ) ;
#2244 = ORIENTED_EDGE ( 'NONE', *, *, #1042, .F. ) ;
#2245 = EDGE_CURVE ( 'NONE', #707, #1906, #494, .T. ) ;
#2246 = DIRECTION ( 'NONE',  ( -1.000000000000000000, -0.000000000000000000, 0.000000000000000000 ) ) ;
#2247 = DIRECTION ( 'NONE',  ( 0.3420201433256655488, 0.9396926207859095381, -0.000000000000000000 ) ) ;
#2248 = ORIENTED_EDGE ( 'NONE', *, *, #2023, .F. ) ;
#2249 = FACE_OUTER_BOUND ( 'NONE', #791, .T. ) ;
#2250 = DIRECTION ( 'NONE',  ( -1.000000000000000000, -0.000000000000000000, -0.000000000000000000 ) ) ;
#2251 = DIRECTION ( 'NONE',  ( 0.9396926207859098712, -0.3420201433256648826, 0.000000000000000000 ) ) ;
#2252 = ADVANCED_FACE ( 'NONE', ( #298 ), #1913, .F. ) ;
#2253 = DIRECTION ( 'NONE',  ( 0.9396926207859098712, -0.3420201433256648826, 0.000000000000000000 ) ) ;
#2254 = EDGE_LOOP ( 'NONE', ( #1557, #1342 ) ) ;
#2255 = DIRECTION ( 'NONE',  ( 0.000000000000000000, 0.000000000000000000, 1.000000000000000000 ) ) ;
#2256 = DIRECTION ( 'NONE',  ( 0.000000000000000000, 0.000000000000000000, -1.000000000000000000 ) ) ;
#2257 = ORIENTED_EDGE ( 'NONE', *, *, #418, .F. ) ;
#2258 = FACE_OUTER_BOUND ( 'NONE', #1865, .T. ) ;
#2259 = VECTOR ( 'NONE', #476, 1000.000000000000000 ) ;
#2260 = AXIS2_PLACEMENT_3D ( 'NONE', #797, #2012, #1375 ) ;
#2261 = LINE ( 'NONE', #452, #1064 ) ;
#2262 = CIRCLE ( 'NONE', #659, 3.174999999999997602 ) ;
#2263 = AXIS2_PLACEMENT_3D ( 'NONE', #536, #1123, #93 ) ;
#2264 = DIRECTION ( 'NONE',  ( 0.9396926207859097602, -0.3420201433256648271, -0.000000000000000000 ) ) ;
#2265 = EDGE_CURVE ( 'NONE', #2095, #445, #1317, .T. ) ;
#2266 = VERTEX_POINT ( 'NONE', #1750 ) ;
#2267 = AXIS2_PLACEMENT_3D ( 'NONE', #2203, #149, #1541 ) ;
#2268 = CARTESIAN_POINT ( 'NONE',  ( 1.000000000000000000, 52.00000000000000711, 4.000000000000000000 ) ) ;
#2269 = CYLINDRICAL_SURFACE ( 'NONE', #11, 3.999999999999999112 ) ;
#2270 = VERTEX_POINT ( 'NONE', #1598 ) ;
#2271 = FACE_OUTER_BOUND ( 'NONE', #1391, .T. ) ;
#2272 = EDGE_CURVE ( 'NONE', #1577, #2430, #1993, .T. ) ;
#2273 = LINE ( 'NONE', #1091, #198 ) ;
#2274 = VECTOR ( 'NONE', #1363, 1000.000000000000000 ) ;
#2275 = CARTESIAN_POINT ( 'NONE',  ( 8.000000000000000000, 36.00000000000000711, 0.8249999999999949596 ) ) ;
#2276 = AXIS2_PLACEMENT_3D ( 'NONE', #2092, #278, #1673 ) ;
#2277 = CIRCLE ( 'NONE', #1352, 3.175000000000011369 ) ;
#2278 = ORIENTED_EDGE ( 'NONE', *, *, #640, .F. ) ;
#2279 = CARTESIAN_POINT ( 'NONE',  ( 1.000000000000000000, 36.00000000000000711, 0.8249999999999949596 ) ) ;
#2280 = AXIS2_PLACEMENT_3D ( 'NONE', #2355, #2371, #734 ) ;
#2281 = DIRECTION ( 'NONE',  ( 0.000000000000000000, 0.000000000000000000, 1.000000000000000000 ) ) ;
#2282 = EDGE_LOOP ( 'NONE', ( #1814, #1991, #2130, #750 ) ) ;
#2283 = DIRECTION ( 'NONE',  ( -0.9396926207859095381, 0.3420201433256653822, 0.000000000000000000 ) ) ;
#2284 = DIRECTION ( 'NONE',  ( -0.3420201433256654378, -0.9396926207859096492, 0.000000000000000000 ) ) ;
#2285 = ORIENTED_EDGE ( 'NONE', *, *, #95, .F. ) ;
#2286 = CARTESIAN_POINT ( 'NONE',  ( 7.000000000000000000, 75.99999999999998579, 28.00000000000000000 ) ) ;
#2287 = EDGE_CURVE ( 'NONE', #2311, #798, #1340, .T. ) ;
#2288 = CARTESIAN_POINT ( 'NONE',  ( 0.000000000000000000, 0.000000000000000000, 0.000000000000000000 ) ) ;
#2289 = EDGE_CURVE ( 'NONE', #987, #2315, #2062, .T. ) ;
#2290 = CARTESIAN_POINT ( 'NONE',  ( 8.000000000000000000, 36.00000000000000711, 4.000000000000000000 ) ) ;
#2291 = ORIENTED_EDGE ( 'NONE', *, *, #59, .T. ) ;
#2292 = CYLINDRICAL_SURFACE ( 'NONE', #2105, 2.550000000000000266 ) ;
#2293 = ORIENTED_EDGE ( 'NONE', *, *, #1179, .T. ) ;
#2294 = ORIENTED_EDGE ( 'NONE', *, *, #918, .T. ) ;
#2295 = CYLINDRICAL_SURFACE ( 'NONE', #1643, 3.174999999999998046 ) ;
#2296 = ORIENTED_EDGE ( 'NONE', *, *, #1336, .T. ) ;
#2297 = CARTESIAN_POINT ( 'NONE',  ( 1.000000000000000000, 52.00000000000000711, 4.000000000000000000 ) ) ;
#2298 = DIRECTION ( 'NONE',  ( 0.000000000000000000, 0.000000000000000000, -1.000000000000000000 ) ) ;
#2299 = EDGE_CURVE ( 'NONE', #2050, #2009, #743, .T. ) ;
#2300 = DIRECTION ( 'NONE',  ( 0.000000000000000000, 0.000000000000000000, 1.000000000000000000 ) ) ;
#2301 = VERTEX_POINT ( 'NONE', #1191 ) ;
#2302 = CARTESIAN_POINT ( 'NONE',  ( 0.000000000000000000, 92.00000000000000000, 28.00000000000000000 ) ) ;
#2303 = AXIS2_PLACEMENT_3D ( 'NONE', #1648, #2246, #826 ) ;
#2304 =( BOUNDED_CURVE ( )  B_SPLINE_CURVE ( 3, ( #1675, #466, #268, #2539 ),
 .UNSPECIFIED., .F., .F. ) 
 B_SPLINE_CURVE_WITH_KNOTS ( ( 4, 4 ),
 ( 1.570796326794896780, 1.772366069964509849 ),
 .UNSPECIFIED. ) 
 CURVE ( )  GEOMETRIC_REPRESENTATION_ITEM ( )  RATIONAL_B_SPLINE_CURVE ( ( 1.000000000000000000, 0.9966170016008129018, 0.9966170016008129018, 1.000000000000000000 ) ) 
 REPRESENTATION_ITEM ( '' )  );
#2305 = EDGE_LOOP ( 'NONE', ( #109, #2125 ) ) ;
#2306 = ORIENTED_EDGE ( 'NONE', *, *, #2225, .T. ) ;
#2307 = CIRCLE ( 'NONE', #704, 4.000000000000000000 ) ;
#2308 = VECTOR ( 'NONE', #1311, 1000.000000000000000 ) ;
#2309 = DIRECTION ( 'NONE',  ( 0.9396926207859095381, -0.3420201433256657153, 0.000000000000000000 ) ) ;
#2310 = AXIS2_PLACEMENT_3D ( 'NONE', #1044, #613, #1838 ) ;
#2311 = VERTEX_POINT ( 'NONE', #1146 ) ;
#2312 = FACE_OUTER_BOUND ( 'NONE', #535, .T. ) ;
#2313 = AXIS2_PLACEMENT_3D ( 'NONE', #2462, #2240, #2068 ) ;
#2314 = DIRECTION ( 'NONE',  ( 0.9396926207859095381, -0.3420201433256653822, -0.000000000000000000 ) ) ;
#2315 = VERTEX_POINT ( 'NONE', #557 ) ;
#2316 = DIRECTION ( 'NONE',  ( 0.000000000000000000, 0.000000000000000000, -1.000000000000000000 ) ) ;
#2317 = ORIENTED_EDGE ( 'NONE', *, *, #640, .T. ) ;
#2318 = DIRECTION ( 'NONE',  ( -1.000000000000000000, 0.000000000000000000, 0.000000000000000000 ) ) ;
#2319 = VERTEX_POINT ( 'NONE', #569 ) ;
#2320 = EDGE_CURVE ( 'NONE', #1776, #1474, #1766, .T. ) ;
#2321 = ORIENTED_EDGE ( 'NONE', *, *, #1892, .T. ) ;
#2322 = CIRCLE ( 'NONE', #122, 3.174999999999996270 ) ;
#2323 = CARTESIAN_POINT ( 'NONE',  ( 15.78761611770005935, -12.54705248970294029, 8.000000000000000000 ) ) ;
#2324 = EDGE_CURVE ( 'NONE', #1495, #1282, #1783, .T. ) ;
#2325 = ORIENTED_EDGE ( 'NONE', *, *, #1262, .F. ) ;
#2326 = DIRECTION ( 'NONE',  ( 1.000000000000000000, 0.000000000000000000, 0.000000000000000000 ) ) ;
#2327 = DIRECTION ( 'NONE',  ( 0.9396926207859098712, -0.3420201433256648826, -0.000000000000000000 ) ) ;
#2328 = LINE ( 'NONE', #119, #2071 ) ;
#2329 = CARTESIAN_POINT ( 'NONE',  ( 8.000000000000000000, 75.99999999999998579, 28.00000000000000000 ) ) ;
#2330 = CARTESIAN_POINT ( 'NONE',  ( 18.24161064606172289, -5.804757935564051508, -4.000000000000000000 ) ) ;
#2331 = ADVANCED_FACE ( 'NONE', ( #775 ), #179, .T. ) ;
#2332 = CARTESIAN_POINT ( 'NONE',  ( 1.000000000000000000, 92.00000000000000000, 28.00000000000000000 ) ) ;
#2333 = ORIENTED_EDGE ( 'NONE', *, *, #1835, .F. ) ;
#2334 = LINE ( 'NONE', #892, #2059 ) ;
#2335 = CARTESIAN_POINT ( 'NONE',  ( 7.000000000000000000, 36.00000000000000711, 7.175000000000005151 ) ) ;
#2336 = FACE_OUTER_BOUND ( 'NONE', #230, .T. ) ;
#2337 = ORIENTED_EDGE ( 'NONE', *, *, #1752, .F. ) ;
#2338 = CYLINDRICAL_SURFACE ( 'NONE', #2153, 3.174999999999995381 ) ;
#2339 = CARTESIAN_POINT ( 'NONE',  ( 8.000000000000000000, 1.142300877492397504, 8.000000000000000000 ) ) ;
#2340 = DIRECTION ( 'NONE',  ( 1.000000000000000000, 0.000000000000000000, 0.000000000000000000 ) ) ;
#2341 = ORIENTED_EDGE ( 'NONE', *, *, #1450, .F. ) ;
#2342 = DIRECTION ( 'NONE',  ( 1.000000000000000000, 0.000000000000000000, 0.000000000000000000 ) ) ;
#2343 = ORIENTED_EDGE ( 'NONE', *, *, #1743, .T. ) ;
#2344 = AXIS2_PLACEMENT_3D ( 'NONE', #1244, #667, #1048 ) ;
#2345 = CARTESIAN_POINT ( 'NONE',  ( 8.270075151412791925, -9.810891343097621231, -8.000000000000000000 ) ) ;
#2346 = FACE_OUTER_BOUND ( 'NONE', #1316, .T. ) ;
#2347 = CIRCLE ( 'NONE', #1128, 3.175000000000005151 ) ;
#2348 = CARTESIAN_POINT ( 'NONE',  ( 7.000000000000000000, 52.00000000000000711, 0.8249999999999949596 ) ) ;
#2349 = ADVANCED_FACE ( 'NONE', ( #996 ), #2146, .F. ) ;
#2350 = VECTOR ( 'NONE', #694, 1000.000000000000000 ) ;
#2351 = VERTEX_POINT ( 'NONE', #2339 ) ;
#2352 = ADVANCED_FACE ( 'NONE', ( #761 ), #2370, .F. ) ;
#2353 = CARTESIAN_POINT ( 'NONE',  ( 17.15569669100273842, -8.788282006559310133, 44.00000000000000000 ) ) ;
#2354 = DIRECTION ( 'NONE',  ( 0.000000000000000000, 0.000000000000000000, -1.000000000000000000 ) ) ;
#2355 = CARTESIAN_POINT ( 'NONE',  ( 7.000000000000000000, 4.000000000000000000, 4.000000000000000000 ) ) ;
#2356 = ORIENTED_EDGE ( 'NONE', *, *, #2287, .F. ) ;
#2357 = CYLINDRICAL_SURFACE ( 'NONE', #796, 4.000000000000000888 ) ;
#2358 = AXIS2_PLACEMENT_3D ( 'NONE', #1113, #1313, #515 ) ;
#2359 = ORIENTED_EDGE ( 'NONE', *, *, #1393, .T. ) ;
#2360 = CARTESIAN_POINT ( 'NONE',  ( 1.000000000000000000, 75.99999999999998579, 31.17500000000001137 ) ) ;
#2361 = ORIENTED_EDGE ( 'NONE', *, *, #735, .F. ) ;
#2362 = AXIS2_PLACEMENT_3D ( 'NONE', #1447, #2247, #435 ) ;
#2363 = CARTESIAN_POINT ( 'NONE',  ( 8.000000000000000000, 52.00000000000000711, 1.449999999999994182 ) ) ;
#2364 = CARTESIAN_POINT ( 'NONE',  ( 8.000000000000000000, 64.00000000000001421, 3.700743415417188889E-14 ) ) ;
#2365 = CIRCLE ( 'NONE', #1907, 4.000000000000000888 ) ;
#2366 = DIRECTION ( 'NONE',  ( -0.9396926207859096492, 0.3420201433256653822, 0.000000000000000000 ) ) ;
#2367 = VERTEX_POINT ( 'NONE', #543 ) ;
#2368 = LINE ( 'NONE', #164, #84 ) ;
#2369 = ADVANCED_FACE ( 'NONE', ( #335 ), #350, .T. ) ;
#2370 = CYLINDRICAL_SURFACE ( 'NONE', #493, 3.175000000000005151 ) ;
#2371 = DIRECTION ( 'NONE',  ( 1.000000000000000000, 0.000000000000000000, 0.000000000000000000 ) ) ;
#2372 = ORIENTED_EDGE ( 'NONE', *, *, #1140, .T. ) ;
#2373 = DIRECTION ( 'NONE',  ( -1.000000000000000000, 0.000000000000000000, 0.000000000000000000 ) ) ;
#2374 = VERTEX_POINT ( 'NONE', #135 ) ;
#2375 = DIRECTION ( 'NONE',  ( -1.000000000000000000, -0.000000000000000000, -0.000000000000000000 ) ) ;
#2376 = VERTEX_POINT ( 'NONE', #789 ) ;
#2377 = CARTESIAN_POINT ( 'NONE',  ( 1.000000000000000000, 4.000000000000000000, 4.000000000000000000 ) ) ;
#2378 = LINE ( 'NONE', #2565, #1862 ) ;
#2379 = ORIENTED_EDGE ( 'NONE', *, *, #1262, .T. ) ;
#2380 = EDGE_CURVE ( 'NONE', #308, #787, #1811, .T. ) ;
#2381 = CARTESIAN_POINT ( 'NONE',  ( 7.632871574706915574, 0.1336238189597043213, -2.365613234508538342E-33 ) ) ;
#2382 = EDGE_CURVE ( 'NONE', #2583, #17, #800, .T. ) ;
#2383 = CARTESIAN_POINT ( 'NONE',  ( 7.000000000000000000, 36.00000000000000711, 4.000000000000000000 ) ) ;
#2384 = ORIENTED_EDGE ( 'NONE', *, *, #1351, .F. ) ;
#2385 = LINE ( 'NONE', #561, #1337 ) ;
#2386 = EDGE_CURVE ( 'NONE', #616, #172, #1896, .T. ) ;
#2387 = ORIENTED_EDGE ( 'NONE', *, *, #2382, .T. ) ;
#2388 = CARTESIAN_POINT ( 'NONE',  ( 8.000000000000000000, 36.00000000000000711, 4.000000000000000000 ) ) ;
#2389 = EDGE_LOOP ( 'NONE', ( #2325, #1856, #975, #1294, #1058 ) ) ;
#2390 = LINE ( 'NONE', #2605, #334 ) ;
#2391 = PRODUCT_DEFINITION_SHAPE ( 'NONE', 'NONE',  #642 ) ;
#2392 = VECTOR ( 'NONE', #2393, 1000.000000000000000 ) ;
#2393 = DIRECTION ( 'NONE',  ( -1.000000000000000000, -0.000000000000000000, 0.000000000000000000 ) ) ;
#2394 = VERTEX_POINT ( 'NONE', #361 ) ;
#2395 = AXIS2_PLACEMENT_3D ( 'NONE', #1645, #61, #615 ) ;
#2396 = AXIS2_PLACEMENT_3D ( 'NONE', #2286, #2460, #830 ) ;
#2397 = VECTOR ( 'NONE', #2585, 999.9999999999998863 ) ;
#2398 = CARTESIAN_POINT ( 'NONE',  ( 8.000000000000000000, 52.00000000000000711, 6.550000000000005151 ) ) ;
#2399 = CARTESIAN_POINT ( 'NONE',  ( 0.000000000000000000, 92.00000000000000000, 24.82499999999998863 ) ) ;
#2400 = VERTEX_POINT ( 'NONE', #165 ) ;
#2401 = CARTESIAN_POINT ( 'NONE',  ( 7.000000000000000000, 4.000000000000000000, 4.000000000000000000 ) ) ;
#2402 = ADVANCED_FACE ( 'NONE', ( #1381, #2189 ), #190, .T. ) ;
#2403 = ORIENTED_EDGE ( 'NONE', *, *, #211, .T. ) ;
#2404 = LINE ( 'NONE', #1756, #529 ) ;
#2405 = ORIENTED_EDGE ( 'NONE', *, *, #178, .T. ) ;
#2406 = CYLINDRICAL_SURFACE ( 'NONE', #764, 4.000000000000000000 ) ;
#2407 = ADVANCED_FACE ( 'NONE', ( #1846, #638 ), #2427, .T. ) ;
#2408 = DIRECTION ( 'NONE',  ( 1.000000000000000000, 0.000000000000000000, 0.000000000000000000 ) ) ;
#2409 = AXIS2_PLACEMENT_3D ( 'NONE', #2594, #1802, #1990 ) ;
#2410 = DIRECTION ( 'NONE',  ( 0.000000000000000000, 0.000000000000000000, -1.000000000000000000 ) ) ;
#2411 = VECTOR ( 'NONE', #1159, 1000.000000000000000 ) ;
#2412 = ORIENTED_EDGE ( 'NONE', *, *, #496, .F. ) ;
#2413 = AXIS2_PLACEMENT_3D ( 'NONE', #1661, #1834, #2458 ) ;
#2414 = VECTOR ( 'NONE', #1384, 1000.000000000000000 ) ;
#2415 = DIRECTION ( 'NONE',  ( -1.000000000000000000, -0.000000000000000000, -0.000000000000000000 ) ) ;
#2416 = ADVANCED_FACE ( 'NONE', ( #1264 ), #2227, .T. ) ;
#2417 = DIRECTION ( 'NONE',  ( -0.9396926207859095381, 0.3420201433256655488, 0.000000000000000000 ) ) ;
#2418 = CARTESIAN_POINT ( 'NONE',  ( 0.000000000000000000, 68.00000000000000000, 28.00000000000000000 ) ) ;
#2419 = EDGE_CURVE ( 'NONE', #2133, #2450, #1181, .T. ) ;
#2420 = EDGE_LOOP ( 'NONE', ( #92, #1731, #1010, #453 ) ) ;
#2421 = CYLINDRICAL_SURFACE ( 'NONE', #2606, 3.175000000000011369 ) ;
#2422 = VERTEX_POINT ( 'NONE', #1424 ) ;
#2423 = CARTESIAN_POINT ( 'NONE',  ( 8.000000000000000000, 72.00000000000001421, 24.00000000000000355 ) ) ;
#2424 = CARTESIAN_POINT ( 'NONE',  ( 12.02884563455642564, -11.17897191640028076, 32.00000000000000000 ) ) ;
#2425 = EDGE_LOOP ( 'NONE', ( #1899, #655 ) ) ;
#2426 = PLANE ( 'NONE',  #1945 ) ;
#2427 = PLANE ( 'NONE',  #2310 ) ;
#2428 = DIRECTION ( 'NONE',  ( 1.000000000000000000, 0.000000000000000000, 0.000000000000000000 ) ) ;
#2429 = CARTESIAN_POINT ( 'NONE',  ( 17.15569669100272421, -8.788282006559313686, -8.000000000000000000 ) ) ;
#2430 = VERTEX_POINT ( 'NONE', #845 ) ;
#2431 = CARTESIAN_POINT ( 'NONE',  ( 9.638155724715451456, -6.052120859953989296, 44.00000000000000000 ) ) ;
#2432 = EDGE_LOOP ( 'NONE', ( #926, #1222 ) ) ;
#2433 = DIRECTION ( 'NONE',  ( 1.000000000000000000, 0.000000000000000000, 0.000000000000000000 ) ) ;
#2434 = ORIENTED_EDGE ( 'NONE', *, *, #2287, .T. ) ;
#2435 = DIRECTION ( 'NONE',  ( -0.9396926207859097602, 0.3420201433256653822, -0.000000000000000000 ) ) ;
#2436 = ORIENTED_EDGE ( 'NONE', *, *, #1892, .F. ) ;
#2437 = CIRCLE ( 'NONE', #1930, 2.550000000000000711 ) ;
#2438 = EDGE_CURVE ( 'NONE', #291, #871, #2480, .T. ) ;
#2439 = AXIS2_PLACEMENT_3D ( 'NONE', #340, #1754, #1812 ) ;
#2440 = CIRCLE ( 'NONE', #490, 2.550000000000005596 ) ;
#2441 = ADVANCED_FACE ( 'NONE', ( #629, #1664 ), #49, .T. ) ;
#2442 = DIRECTION ( 'NONE',  ( -1.000000000000000000, -0.000000000000000000, -0.000000000000000000 ) ) ;
#2443 = EDGE_CURVE ( 'NONE', #730, #710, #749, .T. ) ;
#2444 = FACE_BOUND ( 'NONE', #623, .T. ) ;
#2445 = VECTOR ( 'NONE', #924, 1000.000000000000000 ) ;
#2446 = FACE_OUTER_BOUND ( 'NONE', #1158, .T. ) ;
#2447 = EDGE_LOOP ( 'NONE', ( #1638, #1836, #810, #549 ) ) ;
#2448 = LINE ( 'NONE', #1660, #280 ) ;
#2449 = PLANE ( 'NONE',  #1697 ) ;
#2450 = VERTEX_POINT ( 'NONE', #1451 ) ;
#2451 = CIRCLE ( 'NONE', #1524, 2.550000000000000266 ) ;
#2452 = VECTOR ( 'NONE', #474, 999.9999999999998863 ) ;
#2453 = DIRECTION ( 'NONE',  ( 0.000000000000000000, 0.000000000000000000, 1.000000000000000000 ) ) ;
#2454 = DIRECTION ( 'NONE',  ( 0.000000000000000000, 0.000000000000000000, -1.000000000000000000 ) ) ;
#2455 = CARTESIAN_POINT ( 'NONE',  ( 17.15569669100272776, -8.788282006559313686, 44.00000000000000000 ) ) ;
#2456 = ORIENTED_EDGE ( 'NONE', *, *, #1351, .T. ) ;
#2457 = CARTESIAN_POINT ( 'NONE',  ( 8.000000000000000000, 75.99999999999998579, 24.82499999999998863 ) ) ;
#2458 = DIRECTION ( 'NONE',  ( 0.000000000000000000, 0.000000000000000000, 1.000000000000000000 ) ) ;
#2459 = VERTEX_POINT ( 'NONE', #1807 ) ;
#2460 = DIRECTION ( 'NONE',  ( 1.000000000000000000, -0.000000000000000000, -0.000000000000000000 ) ) ;
#2461 = EDGE_CURVE ( 'NONE', #1595, #1033, #38, .T. ) ;
#2462 = CARTESIAN_POINT ( 'NONE',  ( 17.15569669100273842, -8.788282006559310133, 44.00000000000000000 ) ) ;
#2463 = CARTESIAN_POINT ( 'NONE',  ( 11.00623629801811454, -2.293350376810344482, -4.000000000000000000 ) ) ;
#2464 = DIRECTION ( 'NONE',  ( 0.3420201433256644941, 0.9396926207859097602, 0.000000000000000000 ) ) ;
#2465 = ORIENTED_EDGE ( 'NONE', *, *, #844, .F. ) ;
#2466 = FACE_OUTER_BOUND ( 'NONE', #1094, .T. ) ;
#2467 = DIRECTION ( 'NONE',  ( 1.000000000000000000, 0.000000000000000000, 0.000000000000000000 ) ) ;
#2468 = EDGE_CURVE ( 'NONE', #1493, #2526, #26, .T. ) ;
#2469 = ADVANCED_FACE ( 'NONE', ( #2258 ), #2054, .T. ) ;
#2470 = VERTEX_POINT ( 'NONE', #2614 ) ;
#2471 = DIRECTION ( 'NONE',  ( -0.9396926207859095381, 0.3420201433256653822, 0.000000000000000000 ) ) ;
#2472 = DIRECTION ( 'NONE',  ( -0.9396926207859096492, 0.3420201433256654378, 0.000000000000000000 ) ) ;
#2473 = VECTOR ( 'NONE', #69, 1000.000000000000000 ) ;
#2474 = CIRCLE ( 'NONE', #1426, 3.175000000000005151 ) ;
#2475 = FACE_BOUND ( 'NONE', #468, .T. ) ;
#2476 = VERTEX_POINT ( 'NONE', #1215 ) ;
#2477 = AXIS2_PLACEMENT_3D ( 'NONE', #2418, #2616, #1387 ) ;
#2478 = DIRECTION ( 'NONE',  ( 0.000000000000000000, 0.000000000000000000, 1.000000000000000000 ) ) ;
#2479 = EDGE_LOOP ( 'NONE', ( #652, #2521, #2412, #1744 ) ) ;
#2480 = CIRCLE ( 'NONE', #534, 4.000000000000000888 ) ;
#2481 = ORIENTED_EDGE ( 'NONE', *, *, #824, .T. ) ;
#2482 = DIRECTION ( 'NONE',  ( 0.3420201433256652157, 0.9396926207859097602, 0.000000000000000000 ) ) ;
#2483 = DIRECTION ( 'NONE',  ( 1.000000000000000000, 0.000000000000000000, 0.000000000000000000 ) ) ;
#2484 = EDGE_CURVE ( 'NONE', #306, #1761, #1825, .T. ) ;
#2485 = EDGE_LOOP ( 'NONE', ( #2016, #1252, #1306, #802 ) ) ;
#2486 = DIRECTION ( 'NONE',  ( -0.3420201433256653267, -0.9396926207859096492, 0.000000000000000000 ) ) ;
#2487 = EDGE_CURVE ( 'NONE', #546, #2050, #376, .T. ) ;
#2488 = CARTESIAN_POINT ( 'NONE',  ( 7.000000000000000000, 52.00000000000000711, 4.000000000000000000 ) ) ;
#2489 = VECTOR ( 'NONE', #579, 1000.000000000000000 ) ;
#2490 = DIRECTION ( 'NONE',  ( 0.9396926207859097602, -0.3420201433256648271, -0.000000000000000000 ) ) ;
#2491 = AXIS2_PLACEMENT_3D ( 'NONE', #1725, #295, #2316 ) ;
#2492 = AXIS2_PLACEMENT_3D ( 'NONE', #1867, #1040, #2064 ) ;
#2493 = ORIENTED_EDGE ( 'NONE', *, *, #2443, .T. ) ;
#2494 = DIRECTION ( 'NONE',  ( 0.000000000000000000, 0.000000000000000000, 1.000000000000000000 ) ) ;
#2495 = VECTOR ( 'NONE', #1024, 1000.000000000000114 ) ;
#2496 = DIRECTION ( 'NONE',  ( -1.000000000000000000, 0.000000000000000000, 0.000000000000000000 ) ) ;
#2497 = ORIENTED_EDGE ( 'NONE', *, *, #117, .F. ) ;
#2498 = DIRECTION ( 'NONE',  ( -0.3420201433256652157, -0.9396926207859096492, 0.000000000000000000 ) ) ;
#2499 = CARTESIAN_POINT ( 'NONE',  ( 1.000000000000000000, 36.00000000000000711, 4.000000000000000000 ) ) ;
#2500 = EDGE_CURVE ( 'NONE', #1610, #9, #1240, .T. ) ;
#2501 = ORIENTED_EDGE ( 'NONE', *, *, #286, .T. ) ;
#2502 = DIRECTION ( 'NONE',  ( 0.9396926207859095381, -0.3420201433256658263, 8.673617379884036458E-16 ) ) ;
#2503 = CARTESIAN_POINT ( 'NONE',  ( 10.57784834550136566, -6.394141003279650626, 44.00000000000000000 ) ) ;
#2504 = FACE_OUTER_BOUND ( 'NONE', #2235, .T. ) ;
#2505 = ORIENTED_EDGE ( 'NONE', *, *, #2382, .F. ) ;
#2506 = LINE ( 'NONE', #1726, #2350 ) ;
#2507 = CARTESIAN_POINT ( 'NONE',  ( 8.270075151412791925, -9.810891343097621231, -4.000000000000000000 ) ) ;
#2508 = ORIENTED_EDGE ( 'NONE', *, *, #598, .T. ) ;
#2509 = CARTESIAN_POINT ( 'NONE',  ( 8.000000000000000000, 68.00000000000000000, 32.00000000000000000 ) ) ;
#2510 = ORIENTED_EDGE ( 'NONE', *, *, #2324, .T. ) ;
#2511 = DIRECTION ( 'NONE',  ( 0.9396926207859097602, -0.3420201433256648271, -0.000000000000000000 ) ) ;
#2512 = CARTESIAN_POINT ( 'NONE',  ( 0.000000000000000000, 72.00000000000001421, 4.000000000000000000 ) ) ;
#2513 = ORIENTED_EDGE ( 'NONE', *, *, #1655, .F. ) ;
#2514 = ADVANCED_FACE ( 'NONE', ( #402 ), #14, .F. ) ;
#2515 = CARTESIAN_POINT ( 'NONE',  ( 7.000000000000000000, 92.00000000000000000, 31.17500000000001137 ) ) ;
#2516 = VERTEX_POINT ( 'NONE', #231 ) ;
#2517 = ADVANCED_FACE ( 'NONE', ( #1627 ), #1640, .F. ) ;
#2518 = FACE_OUTER_BOUND ( 'NONE', #12, .T. ) ;
#2519 = AXIS2_PLACEMENT_3D ( 'NONE', #977, #1187, #2211 ) ;
#2520 = ORIENTED_EDGE ( 'NONE', *, *, #2004, .F. ) ;
#2521 = ORIENTED_EDGE ( 'NONE', *, *, #2117, .T. ) ;
#2522 = AXIS2_PLACEMENT_3D ( 'NONE', #2217, #631, #848 ) ;
#2523 = STYLED_ITEM ( 'NONE', ( #1247 ), #682 ) ;
#2524 = CARTESIAN_POINT ( 'NONE',  ( 1.000000000000000000, 36.00000000000000711, 4.000000000000000000 ) ) ;
#2525 = VECTOR ( 'NONE', #1356, 1000.000000000000000 ) ;
#2526 = VERTEX_POINT ( 'NONE', #741 ) ;
#2527 = CARTESIAN_POINT ( 'NONE',  ( 15.78761611770006290, -12.54705248970294384, 32.00000000000000000 ) ) ;
#2528 = DIRECTION ( 'NONE',  ( -0.3420201433256653267, -0.9396926207859096492, 0.000000000000000000 ) ) ;
#2529 = EDGE_CURVE ( 'NONE', #277, #110, #2273, .T. ) ;
#2530 = CARTESIAN_POINT ( 'NONE',  ( 1.000000000000000000, 75.99999999999998579, 28.00000000000000000 ) ) ;
#2531 = DIRECTION ( 'NONE',  ( -0.9396926207859095381, 0.3420201433256653822, 0.000000000000000000 ) ) ;
#2532 = EDGE_LOOP ( 'NONE', ( #297, #2359, #2148, #2520 ) ) ;
#2533 = ORIENTED_EDGE ( 'NONE', *, *, #1793, .F. ) ;
#2534 = AXIS2_PLACEMENT_3D ( 'NONE', #58, #1676, #1473 ) ;
#2535 = DIRECTION ( 'NONE',  ( 0.000000000000000000, 0.000000000000000000, 1.000000000000000000 ) ) ;
#2536 = VERTEX_POINT ( 'NONE', #2348 ) ;
#2537 = CARTESIAN_POINT ( 'NONE',  ( 8.766004359235010313, -8.448337042958069532, -4.000000000000000000 ) ) ;
#2538 = CARTESIAN_POINT ( 'NONE',  ( 7.000000000000000000, 4.000000000000000000, 4.000000000000000000 ) ) ;
#2539 = CARTESIAN_POINT ( 'NONE',  ( 8.000000000000000000, -1.199169847161146496, 8.080985957373449935 ) ) ;
#2540 = ORIENTED_EDGE ( 'NONE', *, *, #1779, .F. ) ;
#2541 = FACE_BOUND ( 'NONE', #1436, .T. ) ;
#2542 = ADVANCED_FACE ( 'NONE', ( #1549, #1067 ), #2142, .T. ) ;
#2543 = DIRECTION ( 'NONE',  ( -1.000000000000000000, 0.000000000000000000, 0.000000000000000000 ) ) ;
#2544 = DIRECTION ( 'NONE',  ( 0.000000000000000000, 0.000000000000000000, 1.000000000000000000 ) ) ;
#2545 = ORIENTED_EDGE ( 'NONE', *, *, #1701, .F. ) ;
#2546 = DIRECTION ( 'NONE',  ( 0.000000000000000000, 0.000000000000000000, -1.000000000000000000 ) ) ;
#2547 = EDGE_CURVE ( 'NONE', #306, #2430, #678, .T. ) ;
#2548 = EDGE_LOOP ( 'NONE', ( #849, #1200, #551, #1962 ) ) ;
#2549 = DIRECTION ( 'NONE',  ( 0.000000000000000000, -5.782411586589356653E-16, 1.000000000000000000 ) ) ;
#2550 = CARTESIAN_POINT ( 'NONE',  ( 8.000000000000000000, -0.4279726347866757985, -0.02708695424734045357 ) ) ;
#2551 = ADVANCED_FACE ( 'NONE', ( #2336 ), #539, .F. ) ;
#2552 = DIRECTION ( 'NONE',  ( 0.000000000000000000, 0.000000000000000000, 1.000000000000000000 ) ) ;
#2553 = DIRECTION ( 'NONE',  ( -1.000000000000000000, -0.000000000000000000, -0.000000000000000000 ) ) ;
#2554 = CARTESIAN_POINT ( 'NONE',  ( 11.00623629801811454, -2.293350376810344482, -8.000000000000000000 ) ) ;
#2555 = ORIENTED_EDGE ( 'NONE', *, *, #1210, .T. ) ;
#2556 = AXIS2_PLACEMENT_3D ( 'NONE', #407, #2047, #1221 ) ;
#2557 = CARTESIAN_POINT ( 'NONE',  ( 11.00623629801811454, -2.293350376810344482, 44.00000000000000000 ) ) ;
#2558 = VERTEX_POINT ( 'NONE', #281 ) ;
#2559 = CIRCLE ( 'NONE', #2344, 3.175000000000005151 ) ;
#2560 = DIRECTION ( 'NONE',  ( 0.000000000000000000, 1.000000000000000000, 0.000000000000000000 ) ) ;
#2561 = EDGE_LOOP ( 'NONE', ( #1609, #632 ) ) ;
#2562 = EDGE_CURVE ( 'NONE', #1366, #702, #1871, .T. ) ;
#2563 = CARTESIAN_POINT ( 'NONE',  ( 15.34385270473637775, -10.84247804623772282, -4.000000000000000000 ) ) ;
#2564 = LINE ( 'NONE', #1947, #2017 ) ;
#2565 = CARTESIAN_POINT ( 'NONE',  ( 15.78761611770007001, -12.54705248970295273, 0.000000000000000000 ) ) ;
#2566 = ORIENTED_EDGE ( 'NONE', *, *, #137, .T. ) ;
#2567 = EDGE_CURVE ( 'NONE', #2351, #327, #2304, .T. ) ;
#2568 = CIRCLE ( 'NONE', #2188, 3.175000000000005151 ) ;
#2569 = LINE ( 'NONE', #610, #2113 ) ;
#2570 = DIRECTION ( 'NONE',  ( -0.9396926207859095381, 0.3420201433256653822, 0.000000000000000000 ) ) ;
#2571 = DIRECTION ( 'NONE',  ( -0.9396926207859095381, 0.3420201433256653822, 0.000000000000000000 ) ) ;
#2572 = ORIENTED_EDGE ( 'NONE', *, *, #1469, .F. ) ;
#2573 = DIRECTION ( 'NONE',  ( 0.000000000000000000, 0.000000000000000000, -1.000000000000000000 ) ) ;
#2574 = AXIS2_PLACEMENT_3D ( 'NONE', #1323, #132, #740 ) ;
#2575 = ORIENTED_EDGE ( 'NONE', *, *, #990, .F. ) ;
#2576 = DIRECTION ( 'NONE',  ( -1.000000000000000000, -0.000000000000000000, -0.000000000000000000 ) ) ;
#2577 = AXIS2_PLACEMENT_3D ( 'NONE', #2228, #1045, #2454 ) ;
#2578 = ORIENTED_EDGE ( 'NONE', *, *, #995, .T. ) ;
#2579 = EDGE_CURVE ( 'NONE', #2394, #1646, #931, .T. ) ;
#2580 = CARTESIAN_POINT ( 'NONE',  ( 15.78761611770007001, -12.54705248970295273, 8.000000000000000000 ) ) ;
#2581 = CARTESIAN_POINT ( 'NONE',  ( 0.000000000000000000, 4.000000000000000000, 4.000000000000000000 ) ) ;
#2582 = ORIENTED_EDGE ( 'NONE', *, *, #1011, .F. ) ;
#2583 = VERTEX_POINT ( 'NONE', #1881 ) ;
#2584 = ADVANCED_FACE ( 'NONE', ( #2156, #553 ), #1564, .T. ) ;
#2585 = DIRECTION ( 'NONE',  ( -0.3420201433256654378, -0.9396926207859096492, 1.663587612902693180E-32 ) ) ;
#2586 = DIRECTION ( 'NONE',  ( -1.000000000000000000, -0.000000000000000000, -0.000000000000000000 ) ) ;
#2587 = VERTEX_POINT ( 'NONE', #1364 ) ;
#2588 = CARTESIAN_POINT ( 'NONE',  ( 8.000000000000000000, 68.00000000000000000, 4.000000000000000000 ) ) ;
#2589 = ORIENTED_EDGE ( 'NONE', *, *, #25, .T. ) ;
#2590 = CARTESIAN_POINT ( 'NONE',  ( 7.000000000000000000, 92.00000000000000000, 28.00000000000000000 ) ) ;
#2591 = ORIENTED_EDGE ( 'NONE', *, *, #1066, .F. ) ;
#2592 = DIRECTION ( 'NONE',  ( 0.3420201433256654378, 0.9396926207859096492, -6.162975822039156098E-33 ) ) ;
#2593 = APPLICATION_PROTOCOL_DEFINITION ( 'draft international standard', 'automotive_design', 1998, #724 ) ;
#2594 = CARTESIAN_POINT ( 'NONE',  ( 8.000000000000000000, 52.00000000000000711, 4.000000000000000000 ) ) ;
#2595 = ORIENTED_EDGE ( 'NONE', *, *, #2461, .T. ) ;
#2596 = EDGE_CURVE ( 'NONE', #1894, #1197, #344, .T. ) ;
#2597 = DIRECTION ( 'NONE',  ( 0.3420201433256657153, 0.9396926207859094271, 0.000000000000000000 ) ) ;
#2598 = CARTESIAN_POINT ( 'NONE',  ( 8.000000000000000000, 72.00000000000001421, 24.00000000000000355 ) ) ;
#2599 = ORIENTED_EDGE ( 'NONE', *, *, #690, .F. ) ;
#2600 = ADVANCED_FACE ( 'NONE', ( #1155 ), #660, .F. ) ;
#2601 = CARTESIAN_POINT ( 'NONE',  ( 18.52377726430538374, -5.029511523415667540, 32.00000000000000000 ) ) ;
#2602 = ORIENTED_EDGE ( 'NONE', *, *, #1150, .F. ) ;
#2603 = FACE_OUTER_BOUND ( 'NONE', #1963, .T. ) ;
#2604 = ORIENTED_EDGE ( 'NONE', *, *, #995, .F. ) ;
#2605 = CARTESIAN_POINT ( 'NONE',  ( 8.000000000000000000, 68.00000000000000000, 32.00000000000000000 ) ) ;
#2606 = AXIS2_PLACEMENT_3D ( 'NONE', #2590, #604, #653 ) ;
#2607 = DIRECTION ( 'NONE',  ( -1.000000000000000000, 0.000000000000000000, -0.000000000000000000 ) ) ;
#2608 = VERTEX_POINT ( 'NONE', #754 ) ;
#2609 = ORIENTED_EDGE ( 'NONE', *, *, #2086, .F. ) ;
#2610 = CIRCLE ( 'NONE', #1015, 2.549999999999998490 ) ;
#2611 = EDGE_CURVE ( 'NONE', #277, #2536, #657, .T. ) ;
#2612 = AXIS2_PLACEMENT_3D ( 'NONE', #803, #438, #221 ) ;
#2613 = EDGE_CURVE ( 'NONE', #1706, #2394, #2564, .T. ) ;
#2614 = CARTESIAN_POINT ( 'NONE',  ( 15.78761611770005935, -12.54705248970294029, 8.000000000000000000 ) ) ;
#2615 = CARTESIAN_POINT ( 'NONE',  ( 15.78761611770007001, -12.54705248970295273, -4.000000000000000000 ) ) ;
#2616 = DIRECTION ( 'NONE',  ( -1.000000000000000000, 0.000000000000000000, -0.000000000000000000 ) ) ;
ENDSEC;
END-ISO-10303-21;
